,Annualized electricity system costs,Annualized investment heater costs,Annualized investment insulation costs,Annualized health costs,Annualized total costs
2020,16.7756180149608,0.6831493616942008,0.2689330222359852,6.031123678336662,23.758824077227647
2025,18.98527961427203,3.3885905685285045,1.5357785880432187,5.0962418152498,29.005890586093553
2030,20.02480952527371,4.020431417014132,2.200181288206427,3.4309663948694022,29.67638862536367
2035,21.661472784566854,3.9655740543760865,1.8758927376175856,2.2317041108978946,29.734643687458423
2040,24.106340100953496,3.951109697986166,1.5624832395651616,1.4454127890177142,31.06534582752254
2045,24.940231543435715,4.000858924141125,1.2094400117408275,0.869053581265976,31.019584060583643
2050,29.043417929229584,4.055978451542707,0.9578632361701218,0.3790601158357707,34.43631973277818
