,Consumption Electricity (TWh),Consumption Natural gas (TWh),Consumption Oil fuel (TWh),Consumption Wood fuel (TWh)
2019,39.893325397392324,129.97314125469018,37.191452155726935,74.27034607168494
2020,39.81745393074288,128.0382977462554,34.49386907100084,76.00924031027978
2021,39.9609646003876,126.23837202160325,31.89435810987695,77.39813033353653
2022,40.058106602741006,123.27353525279763,29.176647568403766,78.7002484749014
2023,40.239696476598574,121.24011916665161,26.794708990915147,80.147423945503
2024,40.276367800142125,118.3953755904089,24.183604217264534,81.23901442384218
2025,41.972417808858566,111.22338755754001,21.647872121893244,83.9624263503281
2026,43.312255343661384,104.24507226105754,19.22993846449422,86.13170466066067
2027,44.70925475589568,97.44476379241425,16.966626191204096,88.09689899750919
2028,46.03710381861386,90.71206641419313,14.8229850680918,89.65476822055147
2029,47.43257091794513,84.13887914052702,12.798463184029844,91.06242914453215
2030,49.02467349723097,76.98298614716144,10.849609289958085,92.37734888055002
2031,50.78122591688782,70.47488366006921,9.007150123725273,93.62222969100864
2032,52.58727355705295,64.13120330663524,7.271398604676529,94.73677868822976
2033,54.437495843221434,57.94208990047703,5.636308484036878,95.7266547255322
2034,56.28179177427141,51.75643150799701,4.0908429140746865,96.46902093637075
2035,57.735064182997085,45.035212359220836,2.639087934080338,97.00428108708455
2036,59.58922840746715,39.374676937332886,1.2803558313720147,97.5982632116902
2037,61.4704315062008,33.85314202943909,0.0,98.08112088937597
2038,62.95794696188713,28.58104716579394,0.0,97.96179845981224
2039,64.30317052739692,24.066597703293596,0.0,97.6232040273972
2040,64.96939313175925,19.16617554777498,0.0,97.08936728505611
2041,66.26144757996657,14.955131724209211,0.0,96.70987504481198
2042,67.53665106415971,10.958987401328772,0.0,96.27397172253295
2043,68.81777229606814,7.093477924828939,0.0,95.80815771154239
2044,70.06338411410965,3.49829693962636,0.0,95.27932269412328
2045,69.41188965042768,3.510075054282658,0.0,93.70240023796882
2046,69.4866045763621,3.5154058473745815,0.0,92.32906277315739
2047,69.58057346714395,3.520883466927967,0.0,90.97774512163963
2048,69.69220702162868,3.5265047007860355,0.0,89.64754969754739
2049,69.81939159464373,3.532266477148963,0.0,88.33718268747194
