,Annualized electricity system costs,Annualized investment heater costs,Annualized investment insulation costs,Annualized health costs,Annualized total costs
2020,16.7756180149608,0.6831493616942008,0.2689330222359852,6.031123678336662,23.758824077227647
2025,18.98527961427203,3.3885905685285045,1.5357785880432187,5.0962418152498,29.005890586093553
2030,20.02480952527371,4.020431417014132,2.200181288206427,3.4309663948694022,29.67638862536367
2035,21.62298441926137,3.965574054376088,1.8758927376175856,2.2317041108978946,29.69615532215294
2040,23.770064262442745,3.950648447646778,1.5624039923234545,1.4456873481152652,30.728804050528243
2045,24.805726516318735,3.9945466402452423,1.2078649906032122,0.8724561928040137,30.880594339971204
2050,28.282248232729152,4.051401506679208,0.9564065392886256,0.38250383686445844,33.672560115561446
