,Annualized electricity system costs,Annualized investment heater costs,Annualized investment insulation costs,Annualized health costs,Annualized total costs
2020,16.77561801497086,0.6831493616942008,0.2689330222359852,6.031123678336662,23.75882407723771
2025,19.016532509283564,3.3885905685285045,1.4546600533961167,5.147020121773589,29.006803252981776
2030,20.85099435920351,3.352558768153787,1.7753351064785763,3.5490265765758937,29.52791481041177
2035,22.560461777093565,3.355435863126957,1.6209932600981634,2.3434396603023564,29.88033056062104
2040,25.21098694382885,3.4195873761932414,1.4496927619087252,1.5462760570066068,31.62654313893742
2045,26.168365922731283,3.603074350846441,1.2024788158667619,0.9616960801416019,31.935615169586086
2050,31.316461200172597,3.524849888807196,1.0003601607209212,0.5309232856016812,36.3725945353024
