,Annualized electricity system costs,Annualized investment heater costs,Annualized investment insulation costs,Annualized health costs,Annualized total costs
2020,16.7756180149608,0.6831493616942008,0.2689330222359852,6.031123678336662,23.758824077227647
2025,19.049169581129178,3.3680934156999744,1.3586710997135119,5.204403601371456,28.98033769791412
2030,21.367884189054777,2.9325418817949727,1.2991527065720814,3.9364868209823594,29.536065598404193
2035,23.975253921267992,2.831468640336387,1.2401610320407304,2.9703970003573987,31.017280594002507
2040,27.48778143716698,2.9685310960770566,1.1963424417794193,2.2692548528487415,33.9219098278722
2045,26.401557036857724,3.3002222031693553,1.0131964908426694,1.686875055288023,32.40185078615777
2050,90.35433185617904,2.8972799337898216,0.8649861524789175,1.222345723587077,95.33894366603487
