,Electricity,Natural gas,Oil fuel,Wood fuel
2020,38.99302728551144,125.99935138537198,36.34524055231838,72.19341658684618
2025,39.80231779836339,115.27677971731185,23.905947658399032,79.29202287894574
2030,42.28519837566728,108.76841812755762,13.492345415087811,81.49437028629707
2035,46.23844815306503,101.19325285257659,4.620884453471317,82.26075328326259
2040,49.73612901867264,90.03689753233614,0.0,81.63529537883575
2045,52.15956033503692,77.62268204033116,0.0,79.43652015526864
2050,55.07109556916366,67.97302138519454,0.0,77.09228672031279
