,Annualized electricity system costs,Annualized investment heater costs,Annualized investment insulation costs,Annualized health costs,Annualized total costs
2020,16.85112857425179,0.5565377423556853,0.11940542099631472,6.114948023077358,23.642019760681144
2025,19.366837340828454,2.744787235215638,0.58806791551183,5.7459769693248255,28.445669460880747
2030,22.372352926848123,2.9609474013331614,0.565090952414977,6.492847359035049,32.39123863963131
2035,25.787396805430873,2.9159479547134226,0.5472088351783896,7.161501396333654,36.41205499165634
2040,28.32433883174332,2.9740691679759457,0.5322464608649712,7.525915179010914,39.35656963959515
2045,30.029689546268393,2.916258893478865,0.519008613585847,7.553871726537006,41.01882877987011
2050,36.698271393026225,2.9118287893588577,0.49841960231714183,6.601489525379144,46.71000931008137
