,Annualized electricity system costs,Annualized investment heater costs,Annualized investment insulation costs,Annualized health costs,Annualized total costs
2020,16.76827990817226,0.5651478702499216,0.1250867940243849,6.13055071220407,23.589065284650637
2025,19.248865714578102,2.8324692183921325,0.634183355815417,5.904062774566806,28.619581063352456
2030,21.815731512519534,2.762934980973516,0.6283297708928365,5.8958542030917105,31.102850467477598
2035,25.34621126184912,2.7588012592692754,0.614272631639462,6.064309159599977,34.783594312357835
2040,28.4283314401723,2.8302995774079,0.5847099564764001,6.1422333441406085,37.98557431819721
2045,29.804289588202337,2.832932173409415,0.5687025626617783,5.892928664937454,39.09885298921098
2050,54.38066752016763,2.737123132346238,0.5356702643990825,5.480827589147054,63.13428850606
