,Annualized electricity system costs,Annualized investment heater costs,Annualized investment insulation costs,Annualized health costs,Annualized total costs
2020,16.768279908182308,0.5651478702499216,0.1250867940243849,6.13055071220407,23.589065284660684
2025,19.046845383910068,2.8324692183921325,0.634183355815417,5.904062774566806,28.41756073268442
2030,21.37585439981845,2.764368963341072,0.6284394067366457,5.893171916435079,30.661834686331247
2035,24.00402092690281,2.7583029870080513,0.6141927177810511,6.062635766155961,33.43915239784788
2040,27.12263450672932,2.822049857125387,0.5839128333890261,6.15336190166398,36.68195909890771
2045,28.1775437946121,2.8257377507619856,0.5678200110540352,5.914103169443453,37.48520472587157
2050,32.40663388266817,2.732244792868916,0.5350110677476261,5.509288513463631,41.18317825674834
