,Annualized electricity system costs,Annualized investment heater costs,Annualized investment insulation costs,Annualized health costs,Annualized total costs
2020,16.77561801497086,0.6831493616942008,0.2689330222359852,6.031123678336662,23.75882407723771
2025,19.218435983667447,3.3885905685285045,1.4546600533961167,5.147020121773589,29.20870672736566
2030,20.71026002637194,4.023660441222984,1.7649871872614762,3.729693914202129,30.22860156905853
2035,23.268736151756443,3.976636828265629,1.5859712542309796,2.616300239105693,31.447644473358743
2040,25.70121414500416,3.9670597733399013,1.38053722873044,1.8174021808445902,32.86621332791909
2045,27.054811975371166,4.004729146536337,1.1190931243199762,1.178244844814657,33.35687909104214
2050,31.767920023656615,4.047647302644417,0.9250422635343696,0.6018426176449976,37.3424522074804
