,Annualized electricity system costs,Annualized investment heater costs,Annualized investment insulation costs,Annualized health costs,Annualized total costs
2020,17.007443773494614,0.6831493616942008,0.2689330222359852,6.031123678336662,23.990649835761463
2025,19.306060015021956,3.3885905685285045,1.5357785880432187,5.0962418152498,29.326670986843478
2030,21.094548218070457,3.3480263177458376,2.207773761045607,3.2581233471686764,29.908471644030577
2035,22.877491749155283,3.3452937554323476,1.9030710732698168,1.9768543304372388,30.102710908294686
2040,24.608004037015135,3.4123160667317034,1.6180368518452484,1.1947944542611715,30.833151409853258
2045,24.797163544749495,3.600956346111857,1.2722180147169937,0.6797829306272687,30.350120836205615
2050,27.563224690617183,3.5210005982481523,1.0166196058172743,0.33051659266282046,32.43136148734543
