,Annualized electricity system costs,Annualized investment heater costs,Annualized investment insulation costs,Annualized health costs,Annualized total costs
2020,16.851128574251675,0.5565377423556853,0.11940542099631311,6.1149480230773605,23.642019760681034
2025,19.164898188177858,2.744787235215638,0.5880679155118219,5.745976969324829,28.24373030823015
2030,21.868890879054746,2.963592773222991,0.5651886683365327,6.489893735662613,31.88756605627688
2035,24.459002697452945,2.9137619693801606,0.5470224980210355,7.161045302305488,35.08083246715963
2040,27.210393685635452,2.964352937060178,0.5315152652408636,7.5362767102803705,38.24253859821687
2045,28.19708150294015,2.908537250452787,0.5184600026320403,7.572698272485153,39.19677702851013
2050,32.36622362017059,2.9117676676841353,0.49812509222722123,6.62207414996699,42.398190530048936
