,Annualized electricity system costs,Annualized investment heater costs,Annualized investment insulation costs,Annualized health costs,Annualized total costs
2020,16.769171615501506,0.6831493616942008,0.2689330222359852,6.031123678336662,23.752377677768354
2025,18.979905106048193,3.3885905685285045,1.5357785880432187,5.0962418152498,29.000516077869715
2030,20.019565181289778,4.02043185913856,2.2001813764162255,3.4309659838416815,29.671144400686245
2035,21.66584469678277,3.9655575538392767,1.8758900061487178,2.231715953428112,29.739008210198875
2040,24.03690738437249,3.951246406271489,1.5625091147640344,1.4453389408970532,30.996001846305067
2045,24.92060348416382,3.9993921711698825,1.2090436653330623,0.8697523675955824,30.998791688262347
2050,28.500704085573012,4.05117651319835,0.9557178387709684,0.380883339796944,33.88848177733927
