,Electricity,Natural gas,Oil fuel,Wood fuel
2020,38.993027521340665,125.99935214741633,36.34524077213429,72.19341702347249
2025,39.615090964116554,114.56936540618894,23.593256651866355,78.89372266584104
2030,47.128552942962145,81.1628072332343,12.442533857379336,88.2599638471022
2035,56.33401371592993,49.72586606017507,3.9625821770939957,93.26292320375144
2040,64.6618520078508,22.937992412962302,0.0,94.10865290379192
2045,70.69190129752778,3.1397362924080245,0.0,91.56691919722338
2050,70.86819492613279,3.170224095941283,0.0,84.65573197099296
