,Annualized electricity system costs,Annualized investment heater costs,Annualized investment insulation costs,Annualized health costs,Annualized total costs
2020,16.850136273851547,0.5556263526259169,0.11940331912075625,6.1147270357701204,23.63989298136834
2025,19.142829179611383,2.7235678994642933,0.5875337932440741,5.743172286302593,28.19710315862234
2030,21.634335534613186,2.821621043870225,0.560353054704132,6.213753417990332,31.230063051177876
2035,24.031303488868986,2.5980714942651724,0.5325969279780844,6.531052281131908,33.69302419224415
2040,26.447806654945964,2.4824033194889936,0.5039782892081874,6.540770329024557,35.974958592667704
2045,27.12967075743336,2.3884308539699695,0.4774695414276254,6.24142058591518,36.236991738746134
2050,31.121455926376264,2.3677818730461104,0.4470081080715674,5.29334810174654,39.229594009240486
