,Annualized electricity system costs,Annualized investment heater costs,Annualized investment insulation costs,Annualized health costs,Annualized total costs
2020,16.7756180149608,0.6831493616942008,0.2689330222359852,6.031123678336662,23.758824077227647
2025,18.70201345225648,3.3885905685285045,1.5357785880432187,5.0962418152498,28.722624424078003
2030,19.571535799638553,3.6219611956790114,2.2024960769004984,3.3159069018815965,28.71189997409966
2035,20.709199749883865,3.5334264047975537,1.889951777844256,2.055099352516123,28.187677285041797
2040,22.44794096510644,3.5083106928173295,1.6046440250720873,1.2699572013605405,28.830852884356396
2045,23.206873372233837,3.6258928020274395,1.2572386920657905,0.7362171041918144,28.82622197051888
2050,26.644419571414545,3.7259863601351615,1.0067230899930424,0.34964367902332366,31.726772700566073
