,Annualized electricity system costs,Annualized investment heater costs,Annualized investment insulation costs,Annualized health costs,Annualized total costs
2020,17.007443773494614,0.6831493616942008,0.2689330222359852,6.031123678336662,23.990649835761463
2025,19.30606001502194,3.3885905685285045,1.5357785880432187,5.0962418152498,29.326670986843464
2030,20.662147674835538,4.020167085364397,2.2001285876179084,3.431212121259595,30.31365546907744
2035,22.24261920903548,3.969196269735855,1.8765209481910827,2.229204324041906,30.317540751004323
2040,24.097649510577988,3.9552818939783427,1.562699168572084,1.4413513987480537,31.056981971876468
2045,24.310088232451243,3.9972583118915423,1.2076830268065817,0.868174220011379,30.383203791160746
2050,27.263673319231295,4.049475618213407,0.9546823840490253,0.38024756800975956,32.64807888950349
