,Electricity,Natural gas,Oil fuel,Wood fuel
2020,40.10991670318141,129.9748389261739,37.62934082429666,74.54818439689242
2025,40.657340676492886,118.07538703117126,24.404753273298436,81.41969716328417
2030,48.26942062209699,83.51044984207894,12.846495354321487,90.9815340728745
2035,57.50923230825023,51.05701254428673,4.083160173633076,96.02154118589199
2040,65.8759468869921,23.452065921978324,0.0,96.7615741213733
2045,72.06958598285397,3.1046723154185982,0.0,93.99701721208558
2050,72.17021545696699,3.134819636967939,0.0,86.74292748688909
