,Annualized electricity system costs,Annualized investment heater costs,Annualized investment insulation costs,Annualized health costs,Annualized total costs
2020,16.77561801497086,0.6831493616942008,0.2689330222359852,6.031123678336662,23.75882407723771
2025,19.049169581143687,3.3680934156999744,1.3586710997135119,5.204403601371456,28.98033769792863
2030,20.580156210564425,3.4151096004526305,1.30040114495817,4.409301280572891,29.70496823654812
2035,22.774591536275082,3.2409348712723682,1.2401957267236452,3.81114191672001,31.066864050991107
2040,25.492806223645438,3.323189071584517,1.1779923740892884,3.2653089966091433,33.25929666592839
2045,26.235808824920383,3.5610248396609117,0.9829583207603639,2.6590697456815033,33.43886173102316
2050,30.228128042727235,3.3863663064568064,0.8365246454822981,1.860309588060547,36.31132858272689
