,Annualized electricity system costs,Annualized investment heater costs,Annualized investment insulation costs,Annualized health costs,Annualized total costs
2020,16.7756180149608,0.6831493616942008,0.2689330222359852,6.031123678336662,23.758824077227647
2025,19.049169581129178,3.3680934156999744,1.3586710997135119,5.204403601371456,28.98033769791412
2030,21.367884189054493,2.9325418817949727,1.2991527065720814,3.9364868209823594,29.53606559840391
2035,23.928002152298134,2.8314686403363725,1.240161032040728,2.9703970003574236,30.970028825032657
2040,27.415346379788474,2.968253270640364,1.1962775669940346,2.2697217219193155,33.84959893934219
2045,26.370274361726942,3.299671861799208,1.0130041905075096,1.6881507353956808,32.37110114942934
2050,32.542925609386984,2.896061264169508,0.8647524728417281,1.2248571466737341,37.52859649307195
