,Annualized electricity system costs,Annualized investment heater costs,Annualized investment insulation costs,Annualized health costs,Annualized total costs
2020,16.77561801497086,0.6831493616942008,0.2689330222359852,6.031123678336662,23.75882407723771
2025,19.218435983667447,3.3885905685285045,1.4546600533961167,5.147020121773589,29.20870672736566
2030,21.20408411563163,3.351684855674804,1.7750190299516684,3.5503673137605314,29.881155315018635
2035,23.839898415944276,3.355009804875882,1.6210600321539206,2.3448813135454607,31.160849566519538
2040,26.47545502952078,3.423402497482434,1.4507934825320374,1.5432202745345431,32.8928712840698
2045,27.72007118068224,3.6053672371444274,1.2029082948226963,0.9575613917646719,33.48590810441404
2050,34.60422808800259,3.526942193544925,1.000521335203862,0.5266021024784426,39.658293719229825
