,Annualized electricity system costs,Annualized investment heater costs,Annualized investment insulation costs,Annualized health costs,Annualized total costs
2020,16.7756180149608,0.6831493616942008,0.2689330222359852,6.031123678336662,23.758824077227647
2025,18.98527961427203,3.3885905685285045,1.5357785880432187,5.0962418152498,29.005890586093553
2030,20.3828082533215,3.6187033386299454,2.201687713399359,3.319273365312033,29.522472670662836
2035,21.914131959060327,3.532403474536318,1.890372392513043,2.0579970393090172,29.394904865418706
2040,24.396302366530257,3.5113652282680854,1.6058921905847816,1.2697209267745122,30.783280712157637
2045,25.31793168988373,3.629111124222744,1.2583998190736885,0.7341465942473053,30.93958922742747
2050,28.89004533592876,3.7259318664183168,1.0068965269170855,0.3477060549248893,33.970579784189056
