,Annualized electricity system costs,Annualized investment heater costs,Annualized investment insulation costs,Annualized health costs,Annualized total costs
2020,16.7756180149608,0.6831493616942008,0.2689330222359852,6.031123678336662,23.758824077227647
2025,19.251077700829455,3.3680934156999744,1.3586710997135119,5.204403601371456,29.182245817614398
2030,21.031872363003714,3.4127778731810468,1.3002515129855723,4.411862459743854,30.156764208914186
2035,23.969442204261455,3.241782659996789,1.2404854793511237,3.81228016542064,32.26399050903001
2040,26.598720875460373,3.330536287987431,1.1789415352338446,3.2587100326965137,34.36690873137816
2045,27.94313978887316,3.564575209053615,0.9830933129674434,2.6501447965447427,35.14095310743896
2050,33.14047004000156,3.386429714504925,0.8366551709224892,1.8515258131078511,39.21508073853683
