,Electricity,Natural gas,Oil fuel,Wood fuel
2020,38.99302728551144,125.99935138537198,36.34524055231838,72.19341658684618
2025,39.80231779836339,115.27677971731185,23.905947658399032,79.29202287894574
2030,49.805170482841525,83.72236323485491,13.493738463213965,90.9855500671425
2035,61.19007808186081,53.085509215309365,4.626007852422554,99.36812881514676
2040,70.70373058868022,24.90594452057583,0.0,103.66085781917731
2045,77.32127511942275,3.2171887862585833,0.0,103.60956788255623
2050,76.81090228722306,3.2769216477532845,0.0,97.28449506570352
