,Annualized electricity system costs,Annualized investment heater costs,Annualized investment insulation costs,Annualized health costs,Annualized total costs
2020,16.7756180149608,0.6831493616942008,0.2689330222359852,6.031123678336662,23.758824077227647
2025,18.98527961427203,3.3885905685285045,1.5357785880432187,5.0962418152498,29.005890586093553
2030,20.56261648489324,3.3481478061764096,2.2078305251251686,3.2579393428597068,29.376534159054525
2035,22.153702121156073,3.344989283727811,1.9029389660389746,1.9770884880867396,29.3787188590096
2040,24.706362993221646,3.409953643572618,1.6173783791260845,1.1970434909470917,30.930738506867442
2045,25.322755635624574,3.602018770760762,1.2731238634801276,0.6803483322198961,30.878246602085362
2050,29.340959122810816,3.524039937603482,1.0177557003040805,0.3294061648714686,34.21216092558985
