,Annualized electricity system costs,Annualized investment heater costs,Annualized investment insulation costs,Annualized health costs,Annualized total costs
2020,16.7756180149608,0.6831493616942008,0.2689330222359852,6.031123678336662,23.758824077227647
2025,19.049169581129178,3.3680934156999744,1.3586710997135119,5.204403601371456,28.98033769791412
2030,20.580156210545297,3.4151096004526424,1.300401144958171,4.409301280572878,29.704968236528988
2035,22.728060479579625,3.2409348712723567,1.2401957267236432,3.811141916720012,31.020332994295636
2040,25.41565115378188,3.3224580396214938,1.1779069022046467,3.266059314254526,33.18207540986255
2045,26.404210539690055,3.5595290646195576,0.9826998275005661,2.6612011686704515,33.60764060048063
2050,30.744255716406343,3.386584631161963,0.8368094604590272,1.8618086058783623,36.8294584139057
