,Annualized electricity system costs,Annualized investment heater costs,Annualized investment insulation costs,Annualized health costs,Annualized total costs
2020,16.775618014960827,0.6831493616942008,0.2689330222359794,6.7036124331951426,24.43131283208615
2025,18.985279614272045,3.3885905685285045,1.535778588043168,4.818566312609251,28.72821508345297
2030,20.38280825332157,3.6187033386299454,2.2016877133992825,1.6620444035493407,27.865243708900138
2035,21.95263679486672,3.53240347453632,1.8903723925129936,0.6635179002687853,28.03893056218482
2040,24.639528540011433,3.5117118462822625,1.605971176825949,0.254476129317823,30.01168769243747
2045,25.33174993987422,3.6305062235648635,1.258890734652781,0.12527196387697673,30.346418861968843
2050,29.12553283729973,3.7268298418509187,1.0069909863566744,0.03475314556710696,33.89410681107443
