,Annualized electricity system costs,Annualized investment heater costs,Annualized investment insulation costs,Annualized health costs,Annualized total costs
2020,16.77561801497086,0.6831493616942008,0.2689330222359852,6.031123678336662,23.75882407723771
2025,18.760925424572903,3.3680934156999744,1.3586710997135119,5.204403601371456,28.692093541357846
2030,20.5622964100597,2.934358436499104,1.2995569804138676,3.933189511249182,28.729401338221855
2035,22.16370602443395,2.8321040390974384,1.2400191505919123,2.9666763811122716,29.20250559523557
2040,24.824891437589557,2.960377168549284,1.1941906727168174,2.2800442024229586,31.259503481278617
2045,24.290866188291986,3.2932960313897066,1.011227331972937,1.706811924691138,30.30220147634577
2050,28.526608038789426,2.8894618363262574,0.8641035282272587,1.2493636805804296,33.52953708392337
