,Electricity,Natural gas,Oil fuel,Wood fuel
2020,38.99302728556902,125.99935138556006,36.34524055236847,72.19341658695214
2025,39.80231779842032,115.27677971748759,23.905947658432616,79.29202287906219
2030,42.218934959133875,108.81034115525466,13.492277221992213,81.48861528693512
2035,46.18457630326484,101.24863757932238,4.620773274085558,82.26715303003034
2040,50.060554563249894,89.88153906347438,0.0,81.70328859035168
2045,52.70550570300241,77.31116754936934,0.0,79.52722052202971
2050,55.78574127073152,67.48645102977613,0.0,77.18901213745715
