,Annualized electricity system costs,Annualized investment heater costs,Annualized investment insulation costs,Annualized health costs,Annualized total costs
2020,17.007443773494614,0.6831493616942008,0.2689330222359852,6.031123678336662,23.990649835761463
2025,19.30606001502194,3.3885905685285045,1.5357785880432187,5.0962418152498,29.326670986843464
2030,20.66214767483561,4.020167085364398,2.2001285876179084,3.431212121259595,30.31365546907751
2035,22.242619209035382,3.969196269735856,1.8765209481910827,2.2292043240419046,30.317540751004227
2040,24.097649510578258,3.9552818939783427,1.562699168572084,1.4413513987480535,31.056981971876738
2045,24.310088232451356,3.997258311891547,1.2076830268065828,0.8681742200113767,30.383203791160863
2050,27.26367331923109,4.049475618213406,0.9546823840490243,0.38024756800975834,32.648078889503275
