,Annualized electricity system costs,Annualized investment heater costs,Annualized investment insulation costs,Annualized health costs,Annualized total costs
2020,16.761721564067585,0.5651478702499216,0.1250867940243849,6.13055071220407,23.58250694054596
2025,19.04129647843361,2.8324692183921325,0.634183355815417,5.904062774566806,28.412011827207962
2030,21.37090888637843,2.7643698605551834,0.6284394754675883,5.893170237082944,30.656888459484144
2035,24.00754630744136,2.758303576234704,0.6141927315647385,6.062633240224188,33.44267585546499
2040,27.12664964514898,2.822318413590398,0.5839381166642212,6.152946274959605,36.68585245036321
2045,28.16078615409662,2.8257670476211505,0.5678166080563107,5.9136675489742485,37.46803735874833
2050,32.366771891111455,2.731989809693018,0.5349591225242133,5.509204423883157,41.14292524721184
