,Annualized electricity system costs,Annualized investment heater costs,Annualized investment insulation costs,Annualized health costs,Annualized total costs
2020,16.7756180149608,0.6831493616942008,0.2689330222359852,6.031123678336662,23.758824077227647
2025,19.187181056029388,3.3885905685285045,1.5357785880432187,5.0962418152498,29.20779202785091
2030,20.91306510273526,3.3472857776302427,2.207431213506511,3.259240138871597,29.72702223274361
2035,23.422461991164994,3.344563382105459,1.9030392965908136,1.978355202399484,30.64841987226075
2040,26.043613247414015,3.4136398763311018,1.6187264696256558,1.1945373802763137,32.27051697364709
2045,27.258760362264724,3.6041161018738084,1.2735371397233255,0.6772323804499959,32.813645984311854
2050,34.04981861845661,3.526557396470293,1.018108156015891,0.3260234434439997,38.92050761438679
