,Annualized electricity system costs,Annualized investment heater costs,Annualized investment insulation costs,Annualized health costs,Annualized total costs
2020,16.77561801497086,0.6831493616942008,0.2689330222359852,6.031123678336662,23.75882407723771
2025,18.73168004928752,3.3885905685285045,1.4546600533961167,5.147020121773589,28.72195079298573
2030,19.471020073539208,4.029572799484111,1.7659013254193192,3.7240138109033647,28.990508009346
2035,20.727847517966453,3.9778114604214094,1.585337787383327,2.6114264433336274,28.902423209104818
2040,22.466098705077783,3.955351155863299,1.378227984760254,1.822149437619332,29.62182728332067
2045,23.114383385343373,3.9919071971120172,1.1170176644031153,1.1893101508409625,29.412618397699468
2050,26.63383494060345,4.044660839922709,0.924065328126763,0.6119264047786763,32.2144875134316
