,Annualized electricity system costs,Annualized investment heater costs,Annualized investment insulation costs,Annualized health costs,Annualized total costs
2020,16.775618014960813,0.6831493616942008,0.2689330222359852,6.031123678336662,23.75882407722766
2025,19.0392774387812,3.3885905685285045,1.5357785880432187,5.0962418152498,29.05988841060272
2030,21.188843273733596,3.6181531728365215,2.2015519318080896,3.319842039512803,30.32839041789101
2035,22.880086061565976,3.5390403684471288,1.891844556320294,2.0529025227406206,30.36387350907402
2040,25.983395834431377,3.5244245911475653,1.6078865625806842,1.25772032512948,32.373427313289106
2045,27.23137877891692,3.643130297554021,1.2614685130817929,0.7179533844938343,32.85393097404657
2050,31.848980098746352,3.740354804719876,1.008510287391406,0.3328713867655986,36.93071657762323
