,Annualized electricity system costs,Annualized investment heater costs,Annualized investment insulation costs,Annualized health costs,Annualized total costs
2020,16.77561801496084,0.6831493616942008,0.2689330222359852,6.031123678336662,23.75882407722769
2025,19.187181056029388,3.3885905685285045,1.5357785880432187,5.0962418152498,29.20779202785091
2030,20.753562683380878,3.61719178375207,2.201316159866122,3.3208340120512667,29.892904639050336
2035,23.148485728780443,3.5319731899236233,1.8905766459330184,2.0593047238444075,30.63034028848149
2040,25.845675250267234,3.5166521315966164,1.607356714834916,1.2669510947384668,32.23663519143723
2045,27.01128418649042,3.6329498911199765,1.2593190215132362,0.7300589700149712,32.63361206913861
2050,32.66323819852132,3.7294911729482907,1.0075499493570184,0.3436697073222481,37.743949028148876
