,Annualized electricity system costs,Annualized investment heater costs,Annualized investment insulation costs,Annualized health costs,Annualized total costs
2020,16.775618014960827,0.6831493616942008,0.2689330222359794,6.031123678336664,23.758824077227672
2025,18.985279614272045,3.3885905685285045,1.535778588043168,5.09624181524982,29.005890586093535
2030,20.650374833166822,3.3481478061764105,2.2078305251250923,3.257939342859748,29.464292507328075
2035,22.276538647685072,3.3449908856912742,1.9029394839350902,1.9770866725779512,29.501555689889386
2040,26.514444294131287,3.4102226101239426,1.6174578459455005,1.196801934326144,32.738926684526874
2045,25.694087577516143,3.610107522858626,1.2766757941608216,0.674014485692139,31.25488538022773
2050,38.33682713981439,3.53197593578106,1.0191410366039104,0.32177527601148825,43.20971938821085
