,Consumption Electricity (TWh),Consumption Natural gas (TWh),Consumption Oil fuel (TWh),Consumption Wood fuel (TWh)
2019,39.89332539739233,129.9731412546902,37.19145215572694,74.27034607168495
2020,39.8174539307429,128.03829774625547,34.49386907100086,76.00924031027982
2021,39.96096460038762,126.23837202160334,31.89435810987698,77.39813033353659
2022,40.05810660274102,123.27353525279771,29.1766475684038,78.70024847490146
2023,40.2396964765986,121.24011916665172,26.794708990915183,80.14742394550306
2024,40.27636780014217,118.39537559040909,24.18360421726459,81.23901442384232
2025,40.807454774744485,115.66264520991552,21.647872121893315,82.28146050911003
2026,40.99585152038905,112.98212255158569,19.23035379071452,82.89242513074936
2027,41.25451030610535,110.3468192747192,16.967758677392638,83.41392759665773
2028,41.460028634419714,107.63313881763985,14.825028247867609,83.64450508136841
2029,41.74104826518918,104.97503433497819,12.8015266969044,83.82323807191815
2030,42.23227068529547,101.42066327142987,10.853680737632144,84.01829752176312
2031,42.90108547696812,98.44711085814137,9.01211792995686,84.26945743417282
2032,43.64127012216537,95.47014788514427,7.277016868084051,84.49952825730963
2033,44.44693602857547,92.49478417063544,5.642189298054375,84.70143592757255
2034,45.27280070129695,89.26866237200095,4.096439173748389,84.76336936064948
2035,45.9206464366579,84.77310230765784,2.6436562819887115,84.68622997474154
2036,46.80782856983398,81.94469506938678,1.2830830324123141,84.68069675959156
2037,47.730204329760134,79.20434523320544,0.0,84.60829389342841
2038,48.40871486888846,76.17601065256753,0.0,84.15301027155137
2039,49.07922964899791,73.49131364124001,0.0,83.58330433799352
2040,48.925174956823916,69.31222721431755,0.0,82.73367381489054
2041,49.568797496110946,66.62403458756602,0.0,82.17545261426804
2042,50.23200831653992,64.03088680216918,0.0,81.60014562743098
2043,50.922049802678565,61.50011522197159,0.0,81.01989508269938
2044,51.628348827507665,59.088596262736004,0.0,80.41431791821422
2045,51.83856563952706,56.949743043729505,0.0,79.69873071727844
2046,52.53160180381044,54.75776446732627,0.0,79.09653779441594
2047,53.23787676823802,52.62125165209952,0.0,78.48854738561622
2048,53.95545555725295,50.537685465450394,0.0,77.87620491238413
2049,54.68406601211473,48.49766101223506,0.0,77.26261057588397
