,Annualized electricity system costs,Annualized investment heater costs,Annualized investment insulation costs,Annualized health costs,Annualized total costs
2020,16.77306127388995,0.6810947444270372,0.2689256852022917,6.030931486816755,23.754013190336035
2025,18.931658924186763,3.3187179161464377,1.5334637367368333,5.088802938873391,28.872643515943423
2030,20.100574034802534,3.2579041948969913,2.188452534332407,3.2866616836175435,28.833592447649476
2035,21.571688847535597,2.933497154063152,1.8523830387703326,1.9972072099969231,28.354776250366005
2040,24.013068164844235,2.7617820863240072,1.5280310496320004,1.1855887835372063,29.48847008433745
2045,24.55427936791755,2.7864384747150632,1.166454945107472,0.6414603027468161,29.148633090486904
2050,28.219972358948723,2.736332133714212,0.9085106271720952,0.25792607378692184,32.122741193621955
