,Annualized electricity system costs,Annualized investment heater costs,Annualized investment insulation costs,Annualized health costs,Annualized total costs
2020,16.85112857426175,0.5565377423556853,0.11940542099631472,6.114948023077358,23.642019760691106
2025,19.164898188192524,2.744787235215638,0.58806791551183,5.7459769693248255,28.243730308244817
2030,21.868890879071273,2.9635927732229743,0.5651886683365399,6.489893735662624,31.88756605629341
2035,24.45900269746241,2.913761969380086,0.5470224980210404,7.161045302305572,35.08083246716911
2040,27.27812690858564,2.9643529370601525,0.5315152652408722,7.536276710280478,38.31027182116714
2045,28.47449649282823,2.9084893916996517,0.5184544018650278,7.572753074048371,39.47419336044128
2050,33.65543032569087,2.9119612737122114,0.4981913229458951,6.621920586776014,43.687503509124994
