,Annualized electricity system costs,Annualized investment heater costs,Annualized investment insulation costs,Annualized health costs,Annualized total costs
2020,16.85112857425179,0.5565377423556853,0.11940542099631472,6.114948023077358,23.642019760681144
2025,19.1648981881778,2.744787235215638,0.58806791551183,5.7459769693248255,28.243730308230095
2030,22.291666093561233,2.963592773222991,0.5651886683365406,6.489893735662604,32.31034127078337
2035,24.356080474719604,2.923799807780039,0.5475220533134411,7.150080314562369,34.97748265037545
2040,27.461958381018093,2.9777803526353037,0.5321878139502927,7.510704068013885,38.48263061561757
2045,28.161931059507168,2.9265939135854624,0.519758358244676,7.527163162190878,39.135446493528185
2050,34.38888181046924,2.9140315352045274,0.49776767372411823,6.576117650138991,44.37679866953688
