,Annualized electricity system costs,Annualized investment heater costs,Annualized investment insulation costs,Annualized health costs,Annualized total costs
2020,16.76827990817226,0.5651478702499216,0.1250867940243849,6.13055071220407,23.589065284650637
2025,19.046845383895587,2.8324692183921325,0.634183355815417,5.904062774566806,28.41756073266994
2030,21.375854399805732,2.76436896334108,0.6284394067366462,5.8931719164350636,30.66183468631852
2035,24.07372619053335,2.7583029870080416,0.6141927177810502,6.062635766155961,33.5088576614784
2040,27.187804876369952,2.8230329620529733,0.5840054554351034,6.151852649853567,36.7466959437116
2045,28.238064063013518,2.826920108511301,0.5679743392166736,5.910934017779264,37.54389252852076
2050,34.227730431418244,2.7333482968761866,0.5351449611739556,5.504863904252585,43.00108759372097
