,Annualized electricity system costs,Annualized investment heater costs,Annualized investment insulation costs,Annualized health costs,Annualized total costs
2020,16.7756180149608,0.6831493616942008,0.2689330222359852,6.031123678336662,23.758824077227647
2025,18.76092542455993,3.3680934156999744,1.3586710997135119,5.204403601371456,28.69209354134487
2030,19.75757027988108,3.420037858438458,1.3007173374084213,4.403886849843207,28.882212325571167
2035,21.391406042432976,3.242508849536687,1.2398231230753325,3.8051717602121755,29.67890977525717
2040,23.28053397388205,3.315449673427769,1.1765728763357404,3.2683901309387724,31.04094665458433
2045,24.109297059115583,3.549004919853428,0.9806930352426692,2.6736456327983658,31.312640647010046
2050,27.748270297710974,3.385214759078071,0.8354514275002372,1.8763308980894897,33.84526738237877
