,Annualized electricity system costs,Annualized investment heater costs,Annualized investment insulation costs,Annualized health costs,Annualized total costs
2020,16.7756180149608,0.6831493616942008,0.2689330222359852,6.031123678336662,23.758824077227647
2025,19.251077700829455,3.3680934156999744,1.3586710997135119,5.204403601371456,29.182245817614398
2030,21.7755917517442,2.9316797553166265,1.2989633590089602,3.9380505522389297,29.944285418308716
2035,25.6797685323713,2.831492592694448,1.2402892093890208,2.971588036865982,32.72313837132075
2040,29.30845598472513,2.9751063995155738,1.197993919923697,2.2591817245755315,35.74073802873993
2045,28.48863915789461,3.307893724623653,1.0156130870405646,1.6664686310035859,34.478614600562416
2050,169.59854292091933,2.9088137130462606,0.8666607967210521,1.191775360370294,174.56579279105694
