,Electricity,Natural gas,Oil fuel,Wood fuel
2020,38.99302728551144,125.99935138537198,36.34524055231838,72.19341658684618
2025,39.80231779836339,115.27677971731185,23.905947658399032,79.29202287894574
2030,42.31666228797539,108.74845766281699,13.492377632423318,81.497087817055
2035,46.25149459509223,101.17520472321996,4.6209307072087356,82.25617298379514
2040,49.45927131189323,90.18269704050856,0.0,81.5868583003216
2045,51.58021174242521,77.93714456734946,0.0,79.34491945281853
2050,54.20299334543503,68.5115979111856,0.0,76.98329624821439
