,Annualized electricity system costs,Annualized investment heater costs,Annualized investment insulation costs,Annualized health costs,Annualized total costs
2020,16.77306127388995,0.6810947444270372,0.2689256852022917,6.030931486816755,23.754013190336035
2025,18.931658924186763,3.3187179161464377,1.5334637367368333,5.088802938873391,28.872643515943423
2030,19.765130685764362,3.4274931789242435,2.185874887784963,3.363400319540542,28.74189907201411
2035,21.299048437575536,3.014864383434983,1.834914369007324,2.1035167392253378,28.25234392924318
2040,23.473957362085486,2.799988945736061,1.4813666880447605,1.2773096049737656,29.03262260084007
2045,24.08140300609363,2.8206347451086304,1.1101085720237787,0.6951718649568949,28.707318188182935
2050,27.631525274682637,2.7539057449308917,0.8508140142509475,0.24385363303398414,31.48009866689846
