,Electricity,Natural gas,Oil fuel,Wood fuel
2020,39.01741420697549,125.95208251334911,36.34524055231838,72.15985291635488
2025,40.21245794116724,113.40700727981488,23.591247607212345,78.11292536995147
2030,48.350972388839246,80.02878734038224,12.434069293467179,84.69622611526815
2035,58.44268223727245,48.638830702359805,3.9503071431314516,85.8098113547729
2040,67.65778063853689,21.96568607578599,0.0,82.7517466868608
2045,74.1052814672951,3.139736273418893,0.0,77.34677508815865
2050,74.67087138839756,3.170224076767706,0.0,69.46096035505946
