,Annualized electricity system costs,Annualized investment heater costs,Annualized investment insulation costs,Annualized health costs,Annualized total costs
2020,16.775618014960827,0.6831493616942008,0.2689330222359794,6.031123678336664,23.758824077227672
2025,18.985279614272045,3.3885905685285045,1.535778588043168,5.09624181524982,29.005890586093535
2030,20.562616484893383,3.3481478061764105,2.2078305251250923,3.257939342859748,29.376534159054636
2035,22.1537021211561,3.344989283727811,1.9029389660389242,1.9770884880867825,29.37871885900962
2040,24.706362993221802,3.40995364357262,1.617378379126051,1.1970434909471301,30.930738506867602
2045,25.322755635624873,3.6020187707607634,1.2731238634801068,0.6803483322199275,30.87824660208567
2050,29.34095912281051,3.5240399376034897,1.0177557003040703,0.3294061648714903,34.21216092558956
