,Annualized electricity system costs,Annualized investment heater costs,Annualized investment insulation costs,Annualized health costs,Annualized total costs
2020,16.77306127388995,0.6810947444270372,0.2689256852022917,6.030931486816755,23.754013190336035
2025,18.931658924186763,3.3187179161464377,1.5334637367368333,5.088802938873391,28.872643515943423
2030,20.26630056704809,3.083184682233833,2.19623665318373,3.2378150926546634,28.78353699512032
2035,21.700275900090674,2.8589952744741765,1.870859756256495,1.937838555194768,28.367969486016115
2040,24.09180441012245,2.743599102366084,1.548024840372548,1.1373565917258284,29.52078494458691
2045,24.576389791503466,2.7902734309232473,1.1884891791959236,0.6094499235819723,29.16460232520461
2050,28.38478822442645,2.637286321037471,0.9246770892466056,0.2502914472141186,32.19704308192465
