,Annualized electricity system costs,Annualized investment heater costs,Annualized investment insulation costs,Annualized health costs,Annualized total costs
2020,16.769171615501506,0.6831493616942008,0.2689330222359852,6.031123678336662,23.752377677768354
2025,18.979905106048193,3.3885905685285045,1.5357785880432187,5.0962418152498,29.000516077869715
2030,20.376624026033497,3.618703695916066,2.201687801659395,3.319272996009221,29.51628851961818
2035,21.96966704045083,3.532389974262538,1.8903695648283667,2.058007904213235,29.450434483754968
2040,24.64496784138791,3.5119214660526423,1.6060211223515104,1.269347762325382,31.032258192117446
2045,25.329753802072048,3.6305467561982705,1.2588791845522382,0.7330210139256215,30.952200756748177
2050,29.118922608834836,3.726928746316479,1.007001811142606,0.34668257282176135,34.19953573911568
