,Annualized electricity system costs,Annualized investment heater costs,Annualized investment insulation costs,Annualized health costs,Annualized total costs
2020,16.763397527619873,0.6699334992696225,0.26907528735283204,6.040668588427528,23.743074902669854
2025,19.01416333516123,3.2954058770075223,1.3622846216377336,5.241762833148479,28.91361666695496
2030,20.632055674333117,3.351408819503018,1.3107376131140147,4.531389289610813,29.825591396560963
2035,22.784299033779646,3.1953436695297737,1.254653842107484,3.9839937906231437,31.21829033604005
2040,25.49579874547898,3.275171530030325,1.1953067835745759,3.4650513681727477,33.43132842725663
2045,26.27796068511836,3.4829903166507354,1.0004699861669895,2.87037393906407,33.63179492700015
2050,30.139620756455272,3.363513985726026,0.8511639325466875,2.0173721251895516,36.37167079991754
