,Annualized electricity system costs,Annualized investment heater costs,Annualized investment insulation costs,Annualized health costs,Annualized total costs
2020,16.768279908182265,0.5651478702499216,0.1250867940243849,6.13055071220407,23.58906528466064
2025,19.046845383910068,2.8324692183921325,0.634183355815417,5.904062774566806,28.41756073268442
2030,21.553776833194092,2.764368963341072,0.6284394067366457,5.893171916435079,30.83975711970689
2035,24.783440030092564,2.7586313469360118,0.6142159335088999,6.062097070513299,34.218384381050775
2040,28.31030545139818,2.8430300066212264,0.5858991822224494,6.1203821137704555,37.85961675401231
2045,28.0432381155453,2.8492839199182325,0.5708349683783035,5.847941825883509,37.311298829725345
2050,89.03430974449199,2.7641990255179416,0.5392460573578268,5.40498242426048,97.74273725162824
