,Annualized electricity system costs,Annualized investment heater costs,Annualized investment insulation costs,Annualized health costs,Annualized total costs
2020,16.775618014944655,0.6831493616942008,0.2689330222359794,6.031123678336664,23.7588240772115
2025,19.049169581129206,3.3680934156999744,1.3586710997134752,5.204403601371467,28.980337697914123
2030,20.580156210543457,3.415109600452643,1.3004011449581399,4.409301280572896,29.704968236527137
2035,22.632218209388057,3.24093487127236,1.2401957267236163,3.8111419167200347,30.924490724104068
2040,24.962597923982777,3.3204745399427678,1.1776752976533889,3.26809415534094,32.728841916919876
2045,25.084541321192972,3.5527124059774877,0.9813961900171242,2.6697821474419583,32.288432064629546
2050,27.647902186437612,3.3775553715586755,0.8332558928427405,1.8764776015174602,33.73519105235649
