,Annualized electricity system costs,Annualized investment heater costs,Annualized investment insulation costs,Annualized health costs,Annualized total costs
2020,16.77561801497086,0.6831493616942008,0.2689330222359852,6.031123678336662,23.75882407723771
2025,19.01653250928355,3.3885905685285045,1.4546600533961167,5.147020121773589,29.00680325298176
2030,20.286085563920267,4.025540998216976,1.76527647459316,3.7278865408702617,29.804789577600665
2035,22.05206348074303,3.976395952050338,1.5856928149366907,2.615252772320971,30.22940502005103
2040,24.51365312515354,3.9609253351927083,1.3795392586888757,1.8209452209285395,31.675062939963663
2045,25.534808550415384,4.000739410735864,1.1187548806500047,1.1831162709016037,31.837419112702857
2050,29.498675853069926,4.046960014833293,0.9250510314658256,0.6058453603427213,35.07653225971177
