,Annualized electricity system costs,Annualized investment heater costs,Annualized investment insulation costs,Annualized health costs,Annualized total costs
2020,16.77561801497086,0.6831493616942008,0.2689330222359852,6.031123678336662,23.75882407723771
2025,19.01653250928355,3.3885905685285045,1.4546600533961167,5.147020121773589,29.00680325298176
2030,20.85099435920351,3.352558768153787,1.7753351064785763,3.5490265765758937,29.52791481041177
2035,22.586174224628138,3.355435863126957,1.6209932600981634,2.3434396603023564,29.906043008155613
2040,25.335398062155427,3.4200688128248107,1.44980654702721,1.5457666357330146,31.75104005774046
2045,25.912607754612907,3.602746854729331,1.2022887425124333,0.9616703079372251,31.679313659791895
2050,30.171279120391674,3.523989637381973,1.0000966871794288,0.5314574019455394,35.226822846898614
