,Electricity,Natural gas,Oil fuel,Wood fuel
2020,38.99302728556902,125.99935138556006,36.34524055236847,72.19341658695214
2025,39.67475338042931,114.80032211927967,23.74119514897743,79.1599740655749
2030,41.608742636833206,102.46572394699119,12.93367499591964,83.26110080673308
2035,45.499472609575534,87.29268946651932,4.205076268898805,85.66414861463932
2040,49.598222546910165,71.61211335678155,0.0,85.35889111597214
2045,52.82682544201456,57.084308343298964,0.0,82.15346394193514
2050,56.206160353051416,46.384344867697806,0.0,78.30590858637798
