,Annualized electricity system costs,Annualized investment heater costs,Annualized investment insulation costs,Annualized health costs,Annualized total costs
2020,16.775618014960813,0.6831493616942008,0.2689330222359852,6.031123678336662,23.75882407722766
2025,19.0392774387812,3.3885905685285045,1.5357785880432187,5.0962418152498,29.05988841060272
2030,20.87438789271185,4.0197506503261815,2.2000455851677714,3.4315993046004314,30.525783432806236
2035,22.599939935456803,3.9748941759829606,1.877520670546888,2.225277263360591,30.67763204534724
2040,25.23957847346992,3.9697887002537,1.5644348688767937,1.4303118320941286,32.20411387469454
2045,26.95044830381164,4.023227880058525,1.2122123835667462,0.8478469837853727,33.033735551222286
2050,31.043855862384774,4.064868931457674,0.9577267050070045,0.3630272377788123,36.42947873662827
