,Annualized electricity system costs,Annualized investment heater costs,Annualized investment insulation costs,Annualized health costs,Annualized total costs
2020,16.769171615501506,0.6831493616942008,0.2689330222359852,6.031123678336662,23.752377677768354
2025,18.979905106048193,3.3885905685285045,1.5357785880432187,5.0962418152498,29.000516077869715
2030,20.553602423373903,3.3481480093905285,2.207830620099903,3.2579390350747857,29.36752008793912
2035,22.174233511628017,3.344990325901041,1.9029392467631991,1.9770871214948809,29.39925020578714
2040,24.711916219121576,3.41010837304828,1.6174240212268725,1.1969043229136096,30.93635293631034
2045,25.350246649610533,3.602207928142489,1.2731787680990194,0.6801172531265537,30.905750598978596
2050,29.338753316014504,3.524087543221465,1.017722219460515,0.3292441886853977,34.20980726738188
