,Annualized electricity system costs,Annualized investment heater costs,Annualized investment insulation costs,Annualized health costs,Annualized total costs
2020,16.77561801497086,0.6831493616942008,0.2689330222359852,6.031123678336662,23.75882407723771
2025,19.049169581143673,3.3680934156999744,1.3586710997135119,5.204403601371456,28.980337697928615
2030,20.58015621056444,3.4151096004526296,1.30040114495817,4.409301280572892,29.704968236548133
2035,22.72806047959172,3.240934871272369,1.2401957267236452,3.8111419167200102,31.020332994307743
2040,25.40578471019083,3.3224580396214374,1.1779069022046398,3.2660593142545826,33.17220896627149
2045,26.175706557450518,3.5594098393346942,0.9826735850211268,2.6613225916329766,33.379112573439315
2050,30.005475743107226,3.386001866800653,0.8365470708444092,1.8624123302771864,36.09043701102947
