,Consumption Electricity (TWh),Consumption Natural gas (TWh),Consumption Oil fuel (TWh),Consumption Wood fuel (TWh)
2019,39.893325397392324,129.97314125469018,37.191452155726935,74.27034607168494
2020,39.81745393074288,128.0382977462554,34.49386907100084,76.00924031027978
2021,39.9609646003876,126.23837202160325,31.89435810987695,77.39813033353653
2022,40.058106602741006,123.27353525279763,29.176647568403766,78.7002484749014
2023,40.239696476598574,121.24011916665161,26.794708990915147,80.147423945503
2024,40.4693018765998,119.10543878586543,24.496507454894502,81.6341584143587
2025,42.392877307519456,112.41192851446145,22.19779260099948,84.88261550646503
2026,44.392246081843474,105.91351465011928,20.00672395021251,87.3985769584145
2027,46.41369197118846,99.49804165718223,17.896910705345782,89.78649580105169
2028,48.33164013209961,93.05906374908052,15.842461841099308,91.83564738352464
2029,50.29066844193506,86.69907705586685,13.850129781043227,93.79064079944563
2030,52.41072931363286,79.86790058456914,11.91811696813295,95.71861610726296
2031,54.681400271612844,73.6312352736036,10.044358980677618,97.62568372550223
2032,56.98199736540089,67.45698046099035,8.226546746782642,99.42785127868632
2033,59.31181167888136,61.344041177251405,6.466360262747132,101.12967681402287
2034,61.6095255988893,55.143512855295285,4.756669644304545,102.5930279117126
2035,63.389991408383096,48.23540211229339,3.1088156660832342,103.81662917327161
2036,65.64275302827468,42.318275857050416,1.5230976095301347,105.17561253709852
2037,67.91493552987957,36.49274285392373,0.0,106.43058590787416
2038,69.64408789670972,30.884847603437287,0.0,106.94726234443647
2039,71.18234642691854,26.054052044249335,0.0,107.19199000688951
2040,71.99297376954361,20.74742046166679,0.0,107.13258239057542
2041,73.45452402258258,16.231128742108336,0.0,107.29627593654588
2042,74.89326688249076,11.893886067186143,0.0,107.37729456470889
2043,76.33522281964147,7.648521200561778,0.0,107.40207209922242
2044,77.7467003417671,3.5845945981039984,0.0,107.3463689644787
2045,77.01220065161542,3.6067513685323664,0.0,105.8627750959374
2046,77.00006846848923,3.617807515482399,0.0,104.67852764697227
2047,77.00932130132277,3.62889243589039,0.0,103.4780714113371
2048,77.03812746860092,3.6400062317481776,0.0,102.26080810903518
2049,77.0842164298948,3.6511490053423103,0.0,101.02725062706934
