,Annualized electricity system costs,Annualized investment heater costs,Annualized investment insulation costs,Annualized health costs,Annualized total costs
2020,16.85112857426175,0.5565377423556853,0.11940542099631472,6.114948023077358,23.642019760691106
2025,19.164898188192524,2.744787235215638,0.58806791551183,5.7459769693248255,28.243730308244817
2030,21.868890879071273,2.9635927732229743,0.5651886683365399,6.489893735662624,31.88756605629341
2035,24.459002697462395,2.913761969380086,0.5470224980210404,7.161045302305572,35.080832467169095
2040,27.210393685656207,2.9643529370601494,0.5315152652408721,7.536276710280481,38.24253859823771
2045,28.19708150297088,2.9085372504528375,0.5184600026320574,7.572698272485196,39.19677702854097
2050,32.366223620117225,2.9117676676843116,0.4981250922272929,6.622074149966827,42.39819052999566
