,Annualized electricity system costs,Annualized investment heater costs,Annualized investment insulation costs,Annualized health costs,Annualized total costs
2020,16.7756180149608,0.6831493616942008,0.2689330222359852,6.031123678336662,23.758824077227647
2025,18.98527961427203,3.3885905685285045,1.5357785880432187,5.0962418152498,29.005890586093553
2030,20.382808253321485,3.6187033386299454,2.201687713399359,3.319273365312033,29.52247267066282
2035,21.952636794866706,3.5324034745363186,1.890372392513043,2.057997039309017,29.433409701225084
2040,24.650600400017417,3.51171184628226,1.6059711768259832,1.2694841709805245,31.037767594106185
2045,25.48528637319444,3.6305065129884175,1.2588908464419248,0.7331320824874562,31.10781581511224
2050,29.83001299369795,3.728442256632988,1.0075502010175472,0.34622819701011615,34.9122336483586
