,Annualized electricity system costs,Annualized investment heater costs,Annualized investment insulation costs,Annualized health costs,Annualized total costs
2020,17.007443773493662,0.6831493616942008,0.2689330222359852,6.031123678336662,23.99064983576051
2025,19.30606001502197,3.3885905685285045,1.5357785880432187,5.0962418152498,29.326670986843492
2030,20.91240728472087,3.6184897210177094,2.2016349825787156,3.3194941492046035,30.0520261375219
2035,22.579951531620495,3.5336628657072304,1.8906714749527387,2.0570976731405395,30.061383545421002
2040,24.501818974603964,3.5146867349898994,1.6064723028377466,1.2669014257454576,30.88987943817707
2045,24.656635937102855,3.629116166296766,1.2578465887788,0.7323430846218306,30.275941776800252
2050,27.564440468962005,3.7244887893298495,1.006064854886782,0.34702281889719916,32.64201693207583
