,Consumption Electricity (TWh),Consumption Natural gas (TWh),Consumption Oil fuel (TWh),Consumption Wood fuel (TWh)
2019,39.893325397392324,129.97314125469018,37.191452155726935,74.27034607168494
2020,39.81745393074288,128.0382977462554,34.49386907100084,76.00924031027978
2021,39.9609646003876,126.23837202160325,31.89435810987695,77.39813033353653
2022,40.058106602741006,123.27353525279763,29.176647568403766,78.7002484749014
2023,40.239696476598574,121.24011916665161,26.794708990915147,80.147423945503
2024,40.276367800142125,118.3953755904089,24.183604217264534,81.23901442384218
2025,41.279934804025785,113.07920113925024,21.647872121893244,83.89860641438563
2026,41.92367313442988,107.99272202762378,19.2303648036248,85.9633790329942
2027,42.62260727502162,103.11905397508396,16.967809411523625,87.78770934729144
2028,43.25186502171124,98.34604332122483,14.825156004377359,89.1730383033027
2029,43.94276857550397,93.77307568689531,12.801782550122391,90.37807310377896
2030,44.7931955797144,88.60270241565534,10.854105499083111,91.45384912410516
2031,45.81683947988632,84.15161241027437,9.012731561533327,92.44286157052714
2032,46.88635368531137,79.88150323561203,7.277813913806871,93.2772323001976
2033,47.99582323306177,75.78194929284143,5.643127495706686,93.9651839957185
2034,49.09863149517504,71.59774965642346,4.097427084128037,94.38870709421288
2035,49.900060957105545,66.56329496729688,2.644552693937771,94.58886256675372
2036,51.010658948258154,62.97482863933993,1.283678559703063,94.82136112545474
2037,52.13864825827988,59.56314283301726,0.0,94.92978073653322
2038,52.92859943699385,56.26530162808148,0.0,94.44444380072873
2039,53.680010882227876,53.42567960441375,0.0,93.79469544959741
2040,54.01653255605978,49.535771783770514,0.0,92.97357778028663
2041,54.744751903236896,46.83725573499369,0.0,92.27262476600261
2042,55.47018671564007,44.30302224282665,0.0,91.52812388347587
2043,56.202622216195614,41.889313979351854,0.0,90.75792054942897
2044,56.93054792640211,39.649811086081954,0.0,89.94706722207944
2045,56.98469658993298,38.32307282343359,0.0,88.85273710390726
2046,57.46642267445582,36.953133352181865,0.0,87.87606372419579
2047,57.964003220356744,35.61257322907418,0.0,86.90911759806617
2048,58.47601476170127,34.29939162958912,0.0,85.95229720875427
2049,59.00168708628367,33.00799223665031,0.0,85.00655380388608
