,Annualized electricity system costs,Annualized investment heater costs,Annualized investment insulation costs,Annualized health costs,Annualized total costs
2020,16.7756180149608,0.6831493616942008,0.2689330222359852,6.031123678336662,23.758824077227647
2025,19.049169581129178,3.3680934156999744,1.3586710997135119,5.204403601371456,28.98033769791412
2030,21.36788418905465,2.9325418817949727,1.2991527065720814,3.9364868209823594,29.536065598404065
2035,23.928002152298106,2.831468640336387,1.2401610320407304,2.9703970003573987,30.97002882503262
2040,28.05742467985415,2.96825327064037,1.1962775669940338,2.269721721919286,34.49167723940784
2045,26.62796935828821,3.3039186506461586,1.0147950031685342,1.6811542973133984,32.6278373094163
2050,86.2948832908961,2.9056551474469527,0.8668478653688252,1.2075669479078266,91.2749532516197
