,Annualized electricity system costs,Annualized investment heater costs,Annualized investment insulation costs,Annualized health costs,Annualized total costs
2020,16.76827990815616,0.5651478702499216,0.1250867940243849,6.13055071220407,23.589065284634536
2025,19.046845383895572,2.8324692183921325,0.634183355815417,5.904062774566806,28.417560732669926
2030,21.375854399825965,2.7643689633410804,0.6284394067366462,5.893171916435063,30.661834686338754
2035,23.866204323495538,2.7583029870080424,0.6141927177810503,6.0626357661559584,33.30133579444059
2040,26.43116587113113,2.8214600664065514,0.5838573160866055,6.154266091286706,35.990749344910995
2045,26.806539206427278,2.8112496408511576,0.5655977952978419,5.936306704805182,36.11969334738146
2050,29.53519826149283,2.7141206794321397,0.5322634864380997,5.5534961433071315,38.335078570670206
