,Electricity,Natural gas,Oil fuel,Wood fuel
2020,39.7068940715306,128.28264028988983,36.783659057822234,71.28591635164831
2025,42.453983851902485,118.22855243559864,24.16034843556317,76.34549819869515
2030,48.52007657127951,103.65746830137503,13.668866571963775,84.48344788436036
2035,57.091236422655726,84.96779600795023,4.621061822995792,92.9945914028987
2040,65.17061781359692,65.1878225406078,0.0,99.08927504720644
2045,70.92322376154439,47.81276162338553,0.0,101.34971706522039
2050,75.63645611947057,35.25131724117827,0.0,101.70655570274465
