,Annualized electricity system costs,Annualized investment heater costs,Annualized investment insulation costs,Annualized health costs,Annualized total costs
2020,16.7756180149608,0.6831493616942008,0.2689330222359852,6.031123678336662,23.758824077227647
2025,18.70201345225648,3.3885905685285045,1.5357785880432187,5.0962418152498,28.722624424078003
2030,19.760277116619477,3.3500022410264374,2.2086984089730746,3.255133262830216,28.574111029449206
2035,20.918685729917243,3.3457230159614206,1.9026635801392344,1.9745662106713229,28.14163853668922
2040,22.631386513338683,3.40795190117804,1.616302357442103,1.1972642878960043,28.85290505985483
2045,23.290894506629634,3.5984451825198818,1.2716339090948123,0.6831782547075671,28.844151852951896
2050,26.74288456500475,3.521889594546479,1.017303428780542,0.33272430030100675,31.61480188863278
