,Annualized electricity system costs,Annualized investment heater costs,Annualized investment insulation costs,Annualized health costs,Annualized total costs
2020,16.775618014960827,0.6831493616942008,0.2689330222359794,6.7036124331951426,24.43131283208615
2025,19.049169581129192,3.3680934156999744,1.3586710997134752,5.082160614654277,28.85809471119692
2030,21.367884189054706,2.9325418817949735,1.29915270657205,2.850830382323213,28.450409159744943
2035,23.928002152298376,2.8314686403363862,1.2401610320407028,1.942204173378987,29.94183599805445
2040,27.41534637978868,2.968253270640363,1.1962775669940071,1.4130970983553615,32.99297431577841
2045,26.370274361726985,3.2996718617992093,1.0130041905074887,1.081738462089128,31.76468887612281
2050,32.54292560938695,2.8960612641695085,0.8647524728417109,0.7189668101815313,37.0227061565797
