,Annualized electricity system costs,Annualized investment heater costs,Annualized investment insulation costs,Annualized health costs,Annualized total costs
2020,16.769171615501506,0.6831493616942008,0.2689330222359852,6.031123678336662,23.752377677768354
2025,19.0437712084333,3.3680934156999744,1.3586710997135119,5.204403601371456,28.97493932521824
2030,21.364476224676807,2.9325420931496446,1.2991527533919045,3.9364864371650765,29.53265750838343
2035,23.984633200176503,2.83146632078456,1.2401605701801695,2.9704007901411122,31.026660881282346
2040,27.41403308438982,2.968759727360509,1.1963962099253318,2.268873656816682,33.84806267849234
2045,26.362270825422527,3.299997477510331,1.0130721055797425,1.6869480892099609,32.36228849772256
2050,32.514962509641876,2.8962663419330785,0.8647122484912072,1.223679559418191,37.49962065948435
