,Annualized electricity system costs,Annualized investment heater costs,Annualized investment insulation costs,Annualized health costs,Annualized total costs
2020,16.769171615501776,0.6831493616942008,0.2689330222359794,6.031123678336664,23.75237767776862
2025,18.979905106048236,3.3885905685285045,1.535778588043168,5.09624181524982,29.000516077869726
2030,20.01956518128975,4.020431859138561,2.2001813764161495,3.4309659838417246,29.671144400686185
2035,21.66584469678314,3.965557553839276,1.875890006148669,2.231715953428161,29.739008210199245
2040,24.03690738437264,3.95124640627149,1.5625091147640027,1.4453389408971007,30.996001846305234
2045,24.920603484163806,3.9993921711698848,1.209043665333044,0.869752367595622,30.998791688262358
2050,28.50070408557245,4.051176513198351,0.9557178387709594,0.38088333979697325,33.88848177733873
