,Annualized electricity system costs,Annualized investment heater costs,Annualized investment insulation costs,Annualized health costs,Annualized total costs
2020,16.775618014970817,0.6831493616942008,0.2689330222359852,6.031123678336662,23.758824077237666
2025,19.049169581144255,3.3680934156999744,1.3586710997135119,5.204403601371456,28.980337697929198
2030,20.580156210563842,3.415109600452642,1.3004011449581707,4.409301280572878,29.704968236547533
2035,22.728060479591804,3.2409348712723682,1.2401957267236443,3.8111419167199987,31.020332994307815
2040,25.41565115380201,3.3224580396214374,1.177906902204639,3.266059314254573,33.18207540988266
2045,26.404210539713795,3.5595290646195497,0.9826998275005688,2.6612011686704977,33.60764060050441
2050,30.744255716385226,3.386584631162074,0.836809460459082,1.861808605878303,36.82945841388469
