,Annualized electricity system costs,Annualized investment heater costs,Annualized investment insulation costs,Annualized health costs,Annualized total costs
2020,16.76827990817226,0.5651478702499216,0.1250867940243849,6.13055071220407,23.589065284650637
2025,18.68806236495739,2.8324692183921325,0.634183355815417,5.904062774566806,28.058777713731743
2030,20.631532142687504,2.7663614822199887,0.628592462287558,5.889439029101853,29.915925116296904
2035,22.51387309568132,2.7596350561497442,0.6142249270249108,6.056982892139808,31.94471597099578
2040,24.96041030553014,2.8133315883446426,0.5830126491062158,6.161439584100732,34.51819412708173
2045,26.15315408846763,2.814342649148956,0.5662425967296518,5.9385796335425365,35.472318967888775
2050,30.054469460364345,2.7231345285349873,0.5335857222783571,5.547109467562717,38.85829917874041
