,Annualized electricity system costs,Annualized investment heater costs,Annualized investment insulation costs,Annualized health costs,Annualized total costs
2020,16.77561801497086,0.6831493616942008,0.2689330222359852,6.031123678336662,23.75882407723771
2025,19.251077700843993,3.3680934156999744,1.3586710997135119,5.204403601371456,29.182245817628935
2030,21.031872363021648,3.4127778731810365,1.3002515129855718,4.411862459743866,30.156764208932124
2035,23.969442203646196,3.2417826599967623,1.2404854793511226,3.812280165420679,32.26399050841476
2040,26.598721439672246,3.330536284807186,1.1789415348587666,3.2587100359699632,34.36690929530816
2045,27.943139793657963,3.564575206970168,0.9830933128182564,2.6501448013165763,35.140953114762965
2050,33.14047004988429,3.386429713788737,0.8366551709840899,1.851525817520971,39.21508075217809
