,Electricity,Natural gas,Oil fuel,Wood fuel
2020,38.99302728556902,125.99935138556006,36.34524055236847,72.19341658695214
2025,39.80231779842032,115.27677971748759,23.905947658432616,79.29202287906219
2030,49.80517048291086,83.72236323498478,13.49373846323334,90.98555006727825
2035,61.19007808194467,53.0855092153943,4.626007852429308,99.3681288152979
2040,70.703730653337,24.90594452074192,0.0,103.66085780892475
2045,77.32127519969768,3.2171887862674096,0.0,103.60956786392019
2050,76.81090235883586,3.2769216477622725,0.0,97.28449504637577
