,Annualized electricity system costs,Annualized investment heater costs,Annualized investment insulation costs,Annualized health costs,Annualized total costs
2020,16.775618014960827,0.6831493616942008,0.2689330222359794,6.031123678336664,23.758824077227672
2025,19.049169581129192,3.3680934156999744,1.3586710997134752,5.204403601371467,28.98033769791411
2030,21.367884189054706,2.9325418817949735,1.29915270657205,3.9364868209823753,29.536065598404107
2035,23.928002152298376,2.8314686403363862,1.2401610320407028,2.970397000357419,30.970028825032884
2040,27.41534637978868,2.968253270640363,1.1962775669940071,2.2697217219193195,33.84959893934237
2045,26.370274361726985,3.2996718617992093,1.0130041905074887,1.6881507353956866,32.37110114942937
2050,32.54292560938695,2.8960612641695085,0.8647524728417109,1.224857146673743,37.52859649307191
