,Annualized electricity system costs,Annualized investment heater costs,Annualized investment insulation costs,Annualized health costs,Annualized total costs
2020,16.775618014970874,0.6831493616942008,0.2689330222359852,6.031123678336662,23.758824077237723
2025,18.760925424572903,3.3680934156999744,1.3586710997135119,5.204403601371456,28.692093541357846
2030,19.757570279900335,3.420037858438409,1.300717337408418,4.403886849843261,28.882212325590423
2035,21.39140604244477,3.242508849536677,1.2398231230753367,3.8051717602122292,29.678909775269013
2040,23.28053397387889,3.315449673427649,1.176572876335731,3.268390130938939,31.04094665458121
2045,24.1092970591203,3.5490049198534597,0.9806930352426908,2.67364563279847,31.312640647014923
2050,27.7482702977237,3.3852147590780275,0.8354514275002416,1.8763308980895774,33.84526738239155
