,Annualized electricity system costs,Annualized investment heater costs,Annualized investment insulation costs,Annualized health costs,Annualized total costs
2020,17.085540705357815,0.5565377423556853,0.11940542099631472,6.114948023077358,23.87643189178717
2025,19.49454374593364,2.744787235215638,0.58806791551183,5.7459769693248255,28.573375865985934
2030,22.88653320725537,2.9631975174628007,0.5651740551118095,6.490335411354083,32.90524019118406
2035,24.68571746036268,2.923571156838754,0.547522388430298,7.150755266628129,35.30756627225986
2040,26.823223719876587,2.963767862058168,0.5311557233854785,7.527005857381754,37.84515316270199
2045,27.849398403871504,2.9010783673510248,0.5173206778289823,7.572170985595524,38.839968434647034
2050,30.901036766351638,2.9056525077839894,0.49621135297878427,6.627589784582983,40.93049041169739
