,Annualized electricity system costs,Annualized investment heater costs,Annualized investment insulation costs,Annualized health costs,Annualized total costs
2020,16.775618014960827,0.6831493616942008,0.2689330222359794,6.031123678336664,23.758824077227672
2025,18.985279614272045,3.3885905685285045,1.535778588043168,5.09624181524982,29.005890586093535
2030,20.562616484893383,3.3481478061764105,2.2078305251250923,3.257939342859748,29.376534159054636
2035,22.15370212115606,3.344989283727811,1.9029389660389242,1.9770884880867825,29.378718859009577
2040,24.74500055827322,3.4099536435726194,1.6173783791260508,1.197043490947131,30.96937607191902
2045,25.706281006573512,3.602179249612752,1.2731938782909369,0.6802247549844264,31.261878889461627
2050,30.789443301636155,3.5252825980805187,1.0181604471452015,0.3287124899753835,35.66159883683726
