,Annualized electricity system costs,Annualized investment heater costs,Annualized investment insulation costs,Annualized health costs,Annualized total costs
2020,16.7756180149608,0.6831493616942008,0.2689330222359852,6.031123678336662,23.758824077227647
2025,18.76092542455993,3.3680934156999744,1.3586710997135119,5.204403601371456,28.69209354134487
2030,20.562296410032815,2.934358436499123,1.2995569804138722,3.9331895112491493,28.72940133819496
2035,22.163706024420478,2.832104039097453,1.2400191505919123,2.9666763811122214,29.202505595222064
2040,24.82489143758051,2.9603771685493214,1.1941906727168219,2.280044202422857,31.259503481269512
2045,24.290866188301464,3.293296031389757,1.0112273319729495,1.7068119246909743,30.302201476355144
2050,28.526608038798138,2.8894618363262414,0.8641035282272378,1.2493636805803432,33.529537083931956
