,Annualized electricity system costs,Annualized investment heater costs,Annualized investment insulation costs,Annualized health costs,Annualized total costs
2020,16.77561801497086,0.6831493616942008,0.2689330222359852,6.031123678336662,23.75882407723771
2025,19.049169581143687,3.3680934156999744,1.3586710997135119,5.204403601371456,28.98033769792863
2030,21.367884189080087,2.9325418817949687,1.2991527065720803,3.9364868209823674,29.536065598429502
2035,23.928002152346238,2.8314686403363747,1.240161032040729,2.9703970003574267,30.970028825080767
2040,28.057424679878864,2.9682532706403317,1.1962775669940273,2.269721721919372,34.4916772394326
2045,26.62796935825351,3.303918650646193,1.0147950031685553,1.6811542973134108,32.62783730938167
2050,86.29488328991829,2.90565514744706,0.8668478653688573,1.2075669479076994,91.2749532506419
