,Annualized electricity system costs,Annualized investment heater costs,Annualized investment insulation costs,Annualized health costs,Annualized total costs
2020,16.77561801497086,0.6831493616942008,0.2689330222359852,6.031123678336662,23.75882407723771
2025,19.01653250928355,3.3885905685285045,1.4546600533961167,5.147020121773589,29.00680325298176
2030,20.9491740203421,3.352558768153787,1.7753351064785763,3.5490265765758937,29.626094471550356
2035,22.78709375855658,3.355417591090104,1.6209886442126988,2.3434626744528506,30.106962668312235
2040,27.247107841818163,3.423151370221547,1.450544265379521,1.5425239590946682,33.663327436513896
2045,26.062995176258084,3.611896249515162,1.2052959617788432,0.9509612775406051,31.831148665092694
2050,43.95434964857756,3.5324235008468423,1.0010908809844927,0.5193057607433686,49.007169791152265
