,Annualized electricity system costs,Annualized investment heater costs,Annualized investment insulation costs,Annualized health costs,Annualized total costs
2020,16.7756180149608,0.6831493616942008,0.2689330222359852,6.031123678336662,23.758824077227647
2025,19.187181056029388,3.3885905685285045,1.5357785880432187,5.0962418152498,29.20779202785091
2030,20.444730666321092,4.018564726611863,2.1998096291947618,3.4327020852921493,30.095807107419866
2035,22.876067001543532,3.965741501199323,1.876237221967601,2.2326594969463462,30.950705221656804
2040,25.231320426543597,3.9570384231124134,1.5636923400597413,1.4425270742226803,32.19457826393843
2045,26.576989007640904,4.003566578897403,1.209533302537086,0.8658207466754704,32.65590963575087
2050,31.30149884022765,4.053862089842869,0.9566998121333873,0.3772776332316967,36.689338375435604
