,Annualized electricity system costs,Annualized investment heater costs,Annualized investment insulation costs,Annualized health costs,Annualized total costs
2020,16.775618014960827,0.6831493616942008,0.2689330222359794,6.7036124331951426,24.43131283208615
2025,18.985279614272045,3.3885905685285045,1.535778588043168,4.818566312609251,28.72821508345297
2030,20.562616484893383,3.3481478061764105,2.2078305251250923,1.7059543533900348,27.82454916958492
2035,22.1537021211561,3.344989283727811,1.9029389660389242,0.7066238579099545,28.10825422883279
2040,24.706362993221802,3.40995364357262,1.617378379126051,0.2809803861381723,30.014675402058646
2045,25.322755635624873,3.6020187707607634,1.2731238634801068,0.1740051233800074,30.371903393245752
2050,29.34095912281051,3.5240399376034897,1.0177557003040703,0.04593170308913253,33.9286864638072
