,Annualized electricity system costs,Annualized investment heater costs,Annualized investment insulation costs,Annualized health costs,Annualized total costs
2020,16.85112857425179,0.5565377423556853,0.11940542099631472,6.114948023077358,23.642019760681144
2025,19.22649022439235,2.744787235215638,0.58806791551183,5.7459769693248255,28.305322344444644
2030,22.839575503166344,2.962820934376935,0.5651601365507675,6.4907561027478735,32.85831267684192
2035,25.423129516961595,2.9293718347374265,0.5478237971399678,7.144788357899234,36.04511350673822
2040,28.875457787575115,2.9990889333979824,0.5336339554307089,7.481501096993854,39.88968177339766
2045,29.933415455887925,2.950217667387184,0.521571619375086,7.471380459255261,40.876585201905456
2050,35.30453094190364,2.929251187351355,0.5014090403963464,6.505652883021379,45.24084405267273
