,Electricity,Natural gas,Oil fuel,Wood fuel
2020,38.993027521340665,125.99935214741633,36.34524077213429,72.19341702347249
2025,39.80231803908775,115.27678041450572,23.905947802982283,79.2920233585049
2030,42.28519091540018,108.76842367456382,13.492345488768672,81.4943701054687
2035,46.238534407759104,101.1931989391106,4.6208845148077184,82.26076584953289
2040,49.72607758525834,90.04254979428097,0.0,81.63370083501309
2045,52.17001071868259,77.62224738021868,0.0,79.44021841586473
2050,55.12774576892534,67.95125381619644,0.0,77.10331879488731
