,Annualized electricity system costs,Annualized investment heater costs,Annualized investment insulation costs,Annualized health costs,Annualized total costs
2020,16.773061273889923,0.6810947444270372,0.2689256852022917,6.030931486816755,23.754013190336007
2025,18.991149812741412,3.3094009527948285,1.3564853723553545,5.195859466370821,28.852895604262415
2030,20.977524500384803,2.8242138296423365,1.2883571022832816,3.9068611958810044,28.996956628191427
2035,23.0125964487451,2.6220239508156604,1.211603117305867,2.907025347709251,29.75324886457588
2040,25.94791455234938,2.5918869234439543,1.1321606363767076,2.177490566085636,31.84945267825568
2045,25.91273738302005,2.702062094571524,0.936658511691051,1.5724751305092706,31.123933119791896
2050,30.342410295791225,2.4164349213646377,0.7813858808073099,1.0784802274807233,34.6187113254439
