,Annualized electricity system costs,Annualized investment heater costs,Annualized investment insulation costs,Annualized health costs,Annualized total costs
2020,16.85112857426175,0.5565377423556853,0.11940542099631472,6.114948023077358,23.642019760691106
2025,19.164898188192524,2.744787235215638,0.58806791551183,5.7459769693248255,28.243730308244817
2030,21.868890879071273,2.9635927732229743,0.5651886683365399,6.489893735662624,31.88756605629341
2035,24.52946548037464,2.913761969380086,0.5470224980210404,7.161045302305572,35.15129525008134
2040,27.26452863783387,2.9657692096853334,0.5316218606785444,7.534702168021059,38.29662187621881
2045,28.271166437250663,2.9097408068383253,0.5185489819713719,7.569805903174625,39.26926212923499
2050,32.80132793269577,2.91240299051037,0.4982662429420935,6.618629534078741,42.83062670022697
