,Annualized electricity system costs,Annualized investment heater costs,Annualized investment insulation costs,Annualized health costs,Annualized total costs
2020,16.775618014960813,0.6831493616942008,0.2689330222359852,6.031123678336662,23.75882407722766
2025,19.104454304521283,3.3680934156999744,1.3586710997135119,5.204403601371456,29.035622421306226
2030,22.214785530965003,2.932238574835942,1.2990855727968442,3.937037657488958,30.383147336086747
2035,25.04426314853231,2.8358245059011855,1.2410236321325165,2.9631536663772744,32.084264952943286
2040,29.972980377453013,2.977428777582595,1.1978391906487702,2.2487462244794947,36.39699457016387
2045,27.80762525646628,3.3131708810216893,1.0170869400110074,1.649735991282181,33.787619068781154
2050,35.569103889604264,2.9162804136875358,0.8672571099826979,1.170716171540519,40.52335758481502
