,Annualized electricity system costs,Annualized investment heater costs,Annualized investment insulation costs,Annualized health costs,Annualized total costs
2020,16.775618014944712,0.6831493616942008,0.2689330222359852,6.031123678336662,23.75882407721156
2025,18.985279614272052,3.3885905685285045,1.5357785880432187,5.0962418152498,29.005890586093575
2030,20.56261648491471,3.3481478061764096,2.2078305251251686,3.2579393428597068,29.376534159075995
2035,22.153533395884367,3.344989283727811,1.9029389660389746,1.9770884880867396,29.378550133737892
2040,24.23005110042254,3.4099555789789644,1.6173789531582377,1.1970417604799894,30.45442739303973
2045,24.284879276244197,3.5996554632686872,1.2720990590258177,0.6821708920778695,29.83880469061657
2050,26.898722359939782,3.5186576920852475,1.0163081220580372,0.33319185006997176,31.76688002415304
