,Annualized electricity system costs,Annualized investment heater costs,Annualized investment insulation costs,Annualized health costs,Annualized total costs
2020,16.769171615501506,0.6831493616942008,0.2689330222359852,6.031123678336662,23.752377677768354
2025,18.979905106048193,3.3885905685285045,1.5357785880432187,5.0962418152498,29.000516077869715
2030,20.55360242337396,3.3481480093905285,2.207830620099903,3.2579390350747857,29.367520087939177
2035,22.17423351162809,3.344990325901041,1.9029392467631991,1.9770871214948804,29.39925020578721
2040,24.711916219121548,3.4101083730482786,1.617424021226872,1.196904322913611,30.936352936310307
2045,25.350246649610703,3.6022079281424895,1.2731787680990199,0.6801172531265538,30.905750598978766
2050,29.338753316014504,3.5240875432214667,1.0177222194605158,0.3292441886853969,34.20980726738188
