,Annualized electricity system costs,Annualized investment heater costs,Annualized investment insulation costs,Annualized health costs,Annualized total costs
2020,16.77561801497086,0.6831493616942008,0.2689330222359852,6.031123678336662,23.75882407723771
2025,19.25107770084395,3.3680934156999744,1.3586710997135119,5.204403601371456,29.182245817628893
2030,21.775591751775977,2.931679755316623,1.2989633590089593,3.9380505522389377,29.9442854183405
2035,25.679768532434565,2.831492592694478,1.2402892093890272,2.9715880368659326,32.723138371384
2040,29.308455984751177,2.975106399515631,1.1979939199237066,2.2591817245753973,35.74073802876591
2045,28.48863915785664,3.307893724623718,1.0156130870405822,1.6664686310033758,34.47861460052432
2050,169.59854291904185,2.9088137130463996,0.8666607967210743,1.1917753603699637,174.56579278917928
