,Electricity,Natural gas,Oil fuel,Wood fuel
2020,38.99302728556902,125.99935138556006,36.34524055236847,72.19341658695214
2025,39.80231779842032,115.27677971748759,23.905947658432616,79.29202287906219
2030,42.316662288034856,108.74845766298425,13.492377632442569,81.49708781717719
2035,46.25149459515474,101.17520472337948,4.620930707215484,82.25617298392143
2040,49.459271311957636,90.18269704065482,0.0,81.58685830044912
2045,51.580211742488274,77.93714456748049,0.0,79.3449194529453
2050,54.2029933454958,68.51159791130617,0.0,76.98329624834047
