,Annualized electricity system costs,Annualized investment heater costs,Annualized investment insulation costs,Annualized health costs,Annualized total costs
2020,16.76827990817226,0.5651478702499216,0.1250867940243849,6.13055071220407,23.589065284650637
2025,19.046845383895587,2.8324692183921325,0.634183355815417,5.904062774566806,28.41756073266994
2030,21.375854399804965,2.7643689633410804,0.6284394067366462,5.893171916435063,30.661834686317754
2035,24.004020926903493,2.758302987008041,0.6141927177810501,6.062635766155961,33.439152397848545
2040,27.12263450671167,2.822049857125423,0.5839128333890294,6.153361901663927,36.68195909889005
2045,28.17754379461755,2.825737750761929,0.5678200110540255,5.914103169443485,37.48520472587699
2050,32.40663388261756,2.73224479286893,0.5350110677476281,5.509288513463658,41.18317825669778
