,Annualized electricity system costs,Annualized investment heater costs,Annualized investment insulation costs,Annualized health costs,Annualized total costs
2020,16.77561801497086,0.6831493616942008,0.2689330222359852,6.031123678336662,23.75882407723771
2025,19.01653250928355,3.3885905685285045,1.4546600533961167,5.147020121773589,29.00680325298176
2030,20.286085563920253,4.025540998216977,1.7652764745931597,3.727886540870261,29.80478957760065
2035,22.06977914908454,3.9763959520503382,1.5856928149366907,2.61525277232097,30.24712068839254
2040,24.628540318329414,3.961120216861914,1.3795660557303218,1.8208085282103355,31.790035119131986
2045,25.4499511095078,4.00185157197316,1.1189822444387014,1.1823353269106516,31.753120252830314
2050,29.09196548154143,4.045067055092155,0.924129334615631,0.6061207798650613,34.66728265111428
