,Consumption Electricity (TWh),Consumption Natural gas (TWh),Consumption Oil fuel (TWh),Consumption Wood fuel (TWh)
2019,39.893325397392324,129.97314125469018,37.191452155726935,74.27034607168494
2020,39.81745393074288,128.0382977462554,34.49386907100084,76.00924031027978
2021,39.9609646003876,126.23837202160325,31.89435810987695,77.39813033353653
2022,40.058106602741006,123.27353525279763,29.176647568403766,78.7002484749014
2023,40.239696476598574,121.24011916665161,26.794708990915147,80.147423945503
2024,40.33574076160411,118.62642342293375,24.331645467590775,81.50539471775862
2025,42.07899914362152,111.64052412089768,21.90470260079252,84.52088685370894
2026,43.47859636977601,104.85974175017411,19.600407615030694,87.10391885609246
2027,44.925407519364626,98.2102667257935,17.41000978244943,89.50113306433012
2028,46.295117768878235,91.5854169227669,15.304771402166624,91.50218006910407
2029,47.72395672232955,85.07935932397689,13.286576307421095,93.34946224360479
2030,49.343194369217485,77.95448572219851,11.31930738296486,95.10516498176376
2031,51.12339515817121,71.45500640772049,9.439038338380808,96.78791701980563
2032,52.948051081622225,65.09184927732873,7.647686432657042,98.31843957576069
2033,54.81480021763885,58.86312759397018,5.946433894086604,99.71067502308686
2034,56.675492043229795,52.620676249776224,4.3275592556757205,100.8368958626379
2035,58.13201829556055,45.8166668878487,2.797758304284519,101.73422464358488
2036,59.998161188524406,40.07579679324056,1.3596689883973954,102.67107802233436
2037,61.89258461750654,34.46405018183831,0.0,103.46969653640383
2038,63.399462690766406,29.096874884442105,0.0,103.52425383780704
2039,64.76577369444307,24.49498860903036,0.0,103.30719613028816
2040,65.45308757607619,19.49708410460288,0.0,102.87064918919341
2041,66.76575982131695,15.198260424614645,0.0,102.5606849574912
2042,68.05799488703113,11.116298547776866,0.0,102.13415939177963
2043,69.35832557861255,7.168449238636502,0.0,101.65064246125797
2044,70.62560860570187,3.49829693962636,0.0,101.07042868925319
2045,70.21476055806254,3.510075054282658,0.0,99.41211284280044
2046,70.30835434346548,3.5154058473745815,0.0,97.88296182931322
2047,70.42215747953391,3.520883466927967,0.0,96.35817807662683
2048,70.55463102773606,3.5265047007860355,0.0,94.8374234518022
2049,70.7036173523664,3.532266477148963,0.0,93.31979178128337
