,Annualized electricity system costs,Annualized investment heater costs,Annualized investment insulation costs,Annualized health costs,Annualized total costs
2020,16.7756180149608,0.6831493616942008,0.2689330222359852,6.031123678336662,23.758824077227647
2025,18.702013452256452,3.3885905685285045,1.5357785880432187,5.0962418152498,28.722624424077974
2030,19.20846152456886,4.024463980873992,2.2009892351850673,3.4272190571705647,28.861133797798484
2035,20.339073288407477,3.9669625034180456,1.8754312040253784,2.2283587059422776,28.409825701793178
2040,22.005089670178208,3.9456918723111003,1.5609054646772405,1.4464451887907992,28.958132195957347
2045,22.63307577935405,3.9910683153196636,1.2071644324682829,0.8746322801355793,28.705940807277578
2050,26.177006082923754,4.051474010153348,0.9557441330747563,0.38458783815090286,31.56881206430276
