,Annualized electricity system costs,Annualized investment heater costs,Annualized investment insulation costs,Annualized health costs,Annualized total costs
2020,16.763397527619915,0.6699334992696225,0.26907528735283204,6.040668588427528,23.743074902669896
2025,18.950218582811587,3.3123058000332897,1.5404743629647835,5.132610828360943,28.935609574170602
2030,20.447294203965015,3.53545322991906,2.2174707960399545,3.386822287150618,29.587040517074648
2035,22.028133625293933,3.4494371854380232,1.9112878817841232,2.133352180909633,29.522210873425713
2040,24.763719331925664,3.433358733097467,1.6321732197605066,1.3392942180908076,31.168545502874444
2045,25.48023492806159,3.531794732998035,1.2837496484203619,0.7924737634368301,31.088253072916817
2050,29.328887240397194,3.646340055147035,1.0298321123042211,0.3924211228766011,34.39748053072505
