,Annualized electricity system costs,Annualized investment heater costs,Annualized investment insulation costs,Annualized health costs,Annualized total costs
2020,16.768279908182308,0.5651478702499216,0.1250867940243849,6.13055071220407,23.589065284660684
2025,19.046845383910068,2.8324692183921325,0.634183355815417,5.904062774566806,28.41756073268442
2030,21.37585439981845,2.764368963341072,0.6284394067366457,5.893171916435079,30.661834686331247
2035,24.073726190584168,2.7583029870080513,0.6141927177810511,6.062635766155961,33.508857661529234
2040,27.187804876393493,2.8230329620530674,0.5840054554351121,6.1518526498534225,36.74669594373509
2045,28.23806406301177,2.8269201085114424,0.5679743392166926,5.9109340177789225,37.543892528518825
2050,34.22773043150953,2.7333482968762697,0.5351449611739647,5.504863904252142,43.0010875938119
