,Consumption Electricity (TWh),Consumption Natural gas (TWh),Consumption Oil fuel (TWh),Consumption Wood fuel (TWh)
2019,41.38121926961851,134.60996357611003,37.947453826474636,74.33413506494543
2020,41.89806690204622,132.76958223114272,35.10846334473687,75.00190024186521
2021,42.452238538751665,130.84706711251528,32.40621981871759,75.88010868858507
2022,43.04559179354779,128.71531429441046,29.809702943362527,76.9464209154314
2023,43.681896097592634,126.30801686921606,27.297575462178028,78.18954143881015
2024,44.35705717270393,123.780273266952,24.894028269340474,79.59163150099555
2025,45.910293413247096,121.0413335861156,22.57800165014744,81.43596700403096
2026,47.02393916457059,118.11279574521573,20.33559591870799,83.04130686224723
2027,48.21406547271008,115.07506482788231,18.183024435920018,84.69922150483575
2028,49.47715522286587,111.90264006160996,16.10611461317486,86.37932378288897
2029,50.81925407327195,108.56408854269654,14.079426298057133,88.07530169751008
2030,52.33874195222772,104.69238893067164,12.11570943264775,89.81764047182125
2031,54.084695424641936,100.8732980965407,10.171050674288304,91.63676252560346
2032,55.913288511843895,96.97383473598413,8.296771344370278,93.44206616611368
2033,57.81638098649519,93.01719169332611,6.493086525286719,95.21579635145703
2034,59.78528436061232,89.02697101631843,4.760677975584216,96.94096160075463
2035,61.21042903851665,84.09677930105975,3.1004452778753984,98.42306698491342
2036,63.17914818391277,80.18754779232216,1.5132959217259767,100.1102070405921
2037,65.19438046830989,76.28420946402063,0.0,101.71753225279534
2038,66.61602533576492,72.31882233893432,0.0,102.54191735706056
2039,68.03849563965437,68.42345784839223,0.0,103.32141343682865
2040,68.31292063988592,63.688027353358144,0.0,103.58709060894732
2041,69.59051717273647,60.15432521380371,0.0,104.26603754324535
2042,70.8460550258099,56.77070259883536,0.0,104.84333735225312
2043,72.07766183937996,53.51577454394474,0.0,105.32497497735228
2044,73.28398739926192,50.410714436508066,0.0,105.71770209434077
2045,73.63386300875639,47.61566363993985,0.0,105.73298841288862
2046,74.68326237739976,44.87124459651249,0.0,105.97959570654916
2047,75.70422521596011,42.2618537605569,0.0,106.14542260916751
2048,76.69750744005192,39.77304292287133,0.0,106.23578518222614
2049,77.66513697649597,37.401605926074495,0.0,106.25865791701852
