,Annualized electricity system costs,Annualized investment heater costs,Annualized investment insulation costs,Annualized health costs,Annualized total costs
2020,16.775618014960827,0.6831493616942008,0.2689330222359794,6.7036124331951426,24.43131283208615
2025,19.049169581129192,3.3680934156999744,1.3586710997134752,5.082160614654277,28.85809471119692
2030,20.58015621054541,3.415109600452642,1.3004011449581399,2.8918260385650716,28.187492994521264
2035,22.728060479579568,3.2409348712723576,1.2401957267236163,2.097981233291174,29.307172310866715
2040,25.40578471017232,3.3224580396214956,1.1779069022046225,1.595076933429526,31.501226585427965
2045,26.175706557441288,3.5594098393345934,0.98267358502108,1.2088521765855589,31.92664215838252
2050,30.00547574312369,3.3860018668005374,0.8365470708443413,0.7988798813815999,35.026904562150165
