,Annualized electricity system costs,Annualized investment heater costs,Annualized investment insulation costs,Annualized health costs,Annualized total costs
2020,17.007443773494614,0.6831493616942008,0.2689330222359852,6.031123678336662,23.990649835761463
2025,19.30606001502194,3.3885905685285045,1.5357785880432187,5.0962418152498,29.326670986843464
2030,21.094548218070457,3.3480263177458376,2.207773761045607,3.2581233471686755,29.908471644030577
2035,22.877491749155183,3.3452937554323476,1.903071073269817,1.9768543304372375,30.102710908294586
2040,24.608004037015135,3.412316066731704,1.6180368518452484,1.1947944542611704,30.833151409853258
2045,24.79716354474928,3.6009563461118557,1.2722180147169935,0.6797829306272682,30.3501208362054
2050,27.56322469061714,3.5210005982481514,1.0166196058172738,0.3305165926628207,32.431361487345384
