,Annualized electricity system costs,Annualized investment heater costs,Annualized investment insulation costs,Annualized health costs,Annualized total costs
2020,16.768279908182308,0.5651478702499216,0.1250867940243849,6.13055071220407,23.589065284660684
2025,19.046845383910068,2.8324692183921325,0.634183355815417,5.904062774566806,28.41756073268442
2030,21.37585439981845,2.764368963341072,0.6284394067366457,5.893171916435079,30.661834686331247
2035,24.004020926902953,2.7583029870080513,0.6141927177810511,6.062635766155961,33.43915239784802
2040,27.311863147876984,2.822049857125386,0.5839128333890259,6.153361901663984,36.871187740055376
2045,28.229321456543317,2.8278062158976724,0.5681412510154782,5.911052361090708,37.53632128454718
2050,35.39263656635549,2.734080277839466,0.5352705769491986,5.5040342984242105,44.16602171956836
