,Annualized electricity system costs,Annualized investment heater costs,Annualized investment insulation costs,Annualized health costs,Annualized total costs
2020,16.7756180149608,0.6831493616942008,0.2689330222359852,6.031123678336662,23.758824077227647
2025,18.98527961427203,3.3885905685285045,1.5357785880432187,5.0962418152498,29.005890586093553
2030,20.3828082533217,3.6187033386299454,2.201687713399359,3.319273365312033,29.522472670663035
2035,21.990954914654836,3.532403474536322,1.8903723925130431,2.057997039309015,29.471727821013218
2040,24.828373584298454,3.5116874456275236,1.605965614478346,1.2695008353011024,31.215527479705425
2045,25.87533988367528,3.6321652694496893,1.2595362392623706,0.7321176590438939,31.499159051431235
2050,31.452356584094524,3.7321856917661824,1.008632757945499,0.34434055511674855,36.53751558892296
