,Annualized electricity system costs,Annualized investment heater costs,Annualized investment insulation costs,Annualized health costs,Annualized total costs
2020,16.85112857425179,0.5565377423556853,0.11940542099631472,6.114948023077358,23.642019760681144
2025,19.1648981881778,2.744787235215638,0.58806791551183,5.7459769693248255,28.243730308230095
2030,21.868890879055883,2.9635927732229908,0.5651886683365406,6.489893735662605,31.88756605627802
2035,24.52946548032007,2.913761969380161,0.5470224980210436,7.161045302305475,35.15129525002675
2040,27.26452863781337,2.9657692096853214,0.5316218606785407,7.534702168020979,38.29662187619821
2045,28.271166437216394,2.9097408068383874,0.5185489819713768,7.569805903174475,39.269262129200634
2050,32.8013279326657,2.912402990510167,0.4982662429420175,6.618629534078828,42.83062670019671
