,Annualized electricity system costs,Annualized investment heater costs,Annualized investment insulation costs,Annualized health costs,Annualized total costs
2020,16.85112857426175,0.5565377423556853,0.11940542099631472,6.114948023077358,23.642019760691106
2025,19.164898188192524,2.744787235215638,0.58806791551183,5.7459769693248255,28.243730308244817
2030,22.291666094511456,2.9635927732229743,0.5651886683365399,6.489893735662624,32.31034127173359
2035,24.356080474627973,2.9237998077801914,0.5475220533134492,7.15008031456222,34.97748265028383
2040,27.46195838124747,2.97778035264355,0.5321878139509093,7.510704068004486,38.48263061584642
2045,28.161931059742123,2.9265939135909904,0.5197583582450112,7.5271631621754285,39.135446493753555
2050,34.38888181042308,2.914031535205871,0.49776767372419045,6.576117650122753,44.376798669475896
