,Annualized electricity system costs,Annualized investment heater costs,Annualized investment insulation costs,Annualized health costs,Annualized total costs
2020,16.775618014960827,0.6831493616942008,0.2689330222359794,6.031123678336664,23.758824077227672
2025,19.049169581129192,3.3680934156999744,1.3586710997134752,5.204403601371467,28.98033769791411
2030,20.58015621054541,3.415109600452642,1.3004011449581399,4.409301280572896,29.70496823652909
2035,22.728060479579568,3.2409348712723576,1.2401957267236163,3.8111419167200364,31.02033299429558
2040,25.40578471017232,3.3224580396214956,1.1779069022046225,3.266059314254554,33.172208966252995
2045,26.175706557441288,3.5594098393345934,0.98267358502108,2.661322591633067,33.37911257343003
2050,30.00547574312369,3.3860018668005374,0.8365470708443413,1.8624123302773719,36.09043701104594
