,Annualized electricity system costs,Annualized investment heater costs,Annualized investment insulation costs,Annualized health costs,Annualized total costs
2020,16.77561801497086,0.6831493616942008,0.2689330222359852,6.031123678336662,23.75882407723771
2025,19.049169581143715,3.3680934156999744,1.3586710997135119,5.204403601371456,28.980337697928658
2030,21.36788418908003,2.932541881794969,1.2991527065720807,3.9364868209823665,29.536065598429445
2035,23.928002152346707,2.831468640336375,1.240161032040729,2.9703970003574254,30.970028825081236
2040,27.415346379797683,2.968253270640335,1.1962775669940278,2.269721721919364,33.84959893935141
2045,26.3702743617076,3.2996718617992444,1.0130041905075289,1.6881507353956584,32.37110114941003
2050,32.54292560937986,2.8960612641695462,0.8647524728417373,1.2248571466736646,37.5285964930648
