,Annualized electricity system costs,Annualized investment heater costs,Annualized investment insulation costs,Annualized health costs,Annualized total costs
2020,16.76827990817226,0.5651478702499216,0.1250867940243849,6.13055071220407,23.589065284650637
2025,19.046845383895587,2.8324692183921325,0.634183355815417,5.904062774566806,28.41756073266994
2030,21.553776833165983,2.76436896334108,0.6284394067366462,5.8931719164350636,30.839757119678772
2035,24.78344003007699,2.758631346935984,0.6142159335088976,6.062097070513328,34.2183843810352
2040,28.31030545136386,2.8430300066213814,0.5858991822224648,6.120382113770242,37.859616753977946
2045,28.043238115526805,2.849283919918115,0.5708349683782806,5.847941825883484,37.311298829706686
2050,89.0343097450392,2.7641990255177387,0.5392460573577906,5.404982424260736,97.74273725217546
