,Annualized electricity system costs,Annualized investment heater costs,Annualized investment insulation costs,Annualized health costs,Annualized total costs
2020,16.775618014960813,0.6831493616942008,0.2689330222359852,6.031123678336662,23.75882407722766
2025,19.0392774387812,3.3885905685285045,1.5357785880432187,5.0962418152498,29.05988841060272
2030,21.342080354307583,3.3478348864892498,2.207684383015759,3.2584132776165977,30.15601290142919
2035,23.14383561197033,3.348925873339685,1.9043061530660512,1.9729194888902177,30.369987127266285
2040,26.345886581627653,3.419758610804683,1.619523990345962,1.1858124233946783,32.57098160617298
2045,27.03058683076975,3.6123933910723727,1.2754894786220947,0.6655389618068388,32.58400866227105
2050,32.197348301168574,3.536636510308236,1.0190045418164089,0.3142803271264738,37.06726968041969
