,Annualized electricity system costs,Annualized investment heater costs,Annualized investment insulation costs,Annualized health costs,Annualized total costs
2020,16.763397527619915,0.6699334992696225,0.26907528735283204,6.040668588427528,23.743074902669896
2025,18.950218582811587,3.3123058000332897,1.5404743629647835,5.132610828360943,28.935609574170602
2030,20.08685712273629,3.891601767100415,2.217873608643891,3.5512109494513897,29.747543447931985
2035,21.741064731443927,3.838395748594888,1.9022819537795947,2.3952052385879488,29.87694767240636
2040,24.175577787569495,3.8347670988277027,1.5967973522857797,1.6183118360869861,31.225454074769964
2045,25.0945089134172,3.888785511657464,1.2441802901280534,1.0280879010523019,31.25556261625502
2050,28.72911046652846,3.9661576965103817,0.9880636986753998,0.48437045913567056,34.16770232084991
