,Annualized electricity system costs,Annualized investment heater costs,Annualized investment insulation costs,Annualized health costs,Annualized total costs
2020,16.7756180149608,0.6831493616942008,0.2689330222359852,6.031123678336662,23.758824077227647
2025,18.98527961427203,3.3885905685285045,1.5357785880432187,5.0962418152498,29.005890586093553
2030,20.562616484893283,3.3481478061764096,2.2078305251251686,3.2579393428597068,29.376534159054568
2035,22.10487172443422,3.3449892837278097,1.9029389660389742,1.97708848808674,29.32988846228774
2040,24.519187625566204,3.4095882324603304,1.617270082797878,1.1973702630158907,30.743416203840304
2045,25.376588471041188,3.6013820778222647,1.2729113705515573,0.6810396083794711,30.931921527794483
2050,29.014450070167698,3.5226797397169873,1.0174351110971296,0.33050051046596124,33.88506543144778
