,Annualized electricity system costs,Annualized investment heater costs,Annualized investment insulation costs,Annualized health costs,Annualized total costs
2020,16.7756180149608,0.6831493616942008,0.2689330222359852,6.031123678336662,23.758824077227647
2025,19.049169581129178,3.3680934156999744,1.3586710997135119,5.204403601371456,28.98033769791412
2030,20.58015621054531,3.4151096004526424,1.300401144958171,4.409301280572878,29.704968236529
2035,22.734223478202125,3.2409348712723576,1.2401957267236436,3.811141916720011,31.026495992918136
2040,25.473493524755398,3.323255409864473,1.178000133352695,3.265240898567381,33.239989966539945
2045,26.432444444433173,3.5639879692608876,0.9836064185089832,2.6559926898805544,33.6360315220836
2050,30.641082692893775,3.3887843532845667,0.8373775572453183,1.8557778272594416,36.7230224306831
