,Annualized electricity system costs,Annualized investment heater costs,Annualized investment insulation costs,Annualized health costs,Annualized total costs
2020,16.775618014960827,0.6831493616942008,0.2689330222359794,6.031123678336664,23.758824077227672
2025,19.049169581129192,3.3680934156999744,1.3586710997134752,5.204403601371467,28.98033769791411
2030,20.58015621054541,3.415109600452642,1.3004011449581399,4.409301280572896,29.70496823652909
2035,22.774591536262307,3.2409348712723576,1.2401957267236163,3.8111419167200364,31.066864050978317
2040,25.4928062236405,3.323189071584563,1.1779923740892697,3.265308996609129,33.25929666592346
2045,26.235808824911402,3.561024839660907,0.9829583207603396,2.6590697456815056,33.43886173101416
2050,30.228128042741588,3.386366306456798,0.8365246454822727,1.8603095880605693,36.311328582741226
