,Annualized electricity system costs,Annualized investment heater costs,Annualized investment insulation costs,Annualized health costs,Annualized total costs
2020,16.775618014944712,0.6831493616942008,0.2689330222359852,6.031123678336662,23.75882407721156
2025,18.985279614272052,3.3885905685285045,1.5357785880432187,5.0962418152498,29.005890586093575
2030,20.38280825332162,3.6187033386299454,2.201687713399359,3.319273365312033,29.522472670662957
2035,21.913426221017694,3.5324034745363186,1.890372392513043,2.057997039309017,29.394199127376073
2040,24.15033283193645,3.511222149697182,1.6058596041058555,1.2698186775691227,30.537233263308607
2045,24.36062740244296,3.627370376546854,1.257750474355033,0.7352901540190157,29.981038407363865
2050,26.95569789834438,3.721771912228677,1.0057013457908177,0.3498440196175967,32.03301517598147
