,Annualized electricity system costs,Annualized investment heater costs,Annualized investment insulation costs,Annualized health costs,Annualized total costs
2020,16.77561801497086,0.6831493616942008,0.2689330222359852,6.031123678336662,23.75882407723771
2025,18.73168004928752,3.3885905685285045,1.4546600533961167,5.147020121773589,28.72195079298573
2030,20.048581868279996,3.3544245720403687,1.7760176583211589,3.546156088932753,28.725180187574274
2035,21.321957187380647,3.3561836590670153,1.6208098479085704,2.340560701416485,28.63951139577272
2040,23.0857599985996,3.41736305621076,1.448792654828784,1.5466716294748246,29.498587339113968
2045,23.771620707422926,3.598754937901698,1.2009651203444547,0.9659767970399237,29.537317562709003
2050,27.163329236516525,3.5211667221398217,0.9996071899315214,0.5367522406988812,32.22085538928675
