,Annualized electricity system costs,Annualized investment heater costs,Annualized investment insulation costs,Annualized health costs,Annualized total costs
2020,16.7756180149608,0.6831493616942008,0.2689330222359852,6.031123678336662,23.758824077227647
2025,18.98527961427203,3.3885905685285045,1.5357785880432187,5.0962418152498,29.005890586093553
2030,20.56261648489324,3.3481478061764096,2.2078305251251686,3.2579393428597068,29.376534159054525
2035,22.17639796707104,3.344989283727811,1.9029389660389746,1.9770884880867396,29.401414704924566
2040,24.86653881225797,3.410436933088024,1.6175218643527862,1.19661147077958,31.09110908047836
2045,25.434509787900076,3.602236698969191,1.2731331668091455,0.6799154245721184,30.98979507825053
2050,29.63064594589199,3.5244344320832424,1.0177997221280752,0.32894674363504783,34.50182684373836
