,Consumption Electricity (TWh),Consumption Natural gas (TWh),Consumption Oil fuel (TWh),Consumption Wood fuel (TWh)
2019,39.893325397392324,129.97314125469018,37.191452155726935,74.27034607168494
2020,39.81745393074288,128.0382977462554,34.49386907100084,76.00924031027978
2021,39.9609646003876,126.23837202160325,31.89435810987695,77.39813033353653
2022,40.058106602741006,123.27353525279763,29.176647568403766,78.7002484749014
2023,40.239696476598574,121.24011916665161,26.794708990915147,80.147423945503
2024,40.276367800142125,118.3953755904089,24.183604217264534,81.23901442384218
2025,40.807454774744436,115.66264520991531,21.647872121893244,82.28146050910983
2026,40.995851520389,112.98212255158543,19.230353790714442,82.89242513074913
2027,41.25451030610529,110.34681927471888,16.96775867739256,83.41392759665744
2028,41.46002863441966,107.63313881763948,14.825028247867534,83.64450508136807
2029,41.74104826518911,104.97503433497782,12.80152669690433,83.82323807191779
2030,42.232305530499865,101.42065796027734,10.853680737632082,84.01830839782893
2031,42.90112582985831,98.44710040335018,9.012117936255054,84.26946462687567
2032,43.641315763146224,95.47013247174995,7.27701688421912,84.49953193485786
2033,44.446986753993684,92.49476399948796,5.642189324564541,84.70143625330795
2034,45.27285627329843,89.2686377163797,4.096439207784497,84.7633664875328
2035,45.91481909963992,84.77384256402343,2.6436563174969363,84.68479116522958
2036,46.80117015919295,81.94616772747048,1.2830827939779401,84.67979469359949
2037,47.72276132569644,79.20651761931428,0.0,84.60788132197173
2038,48.40076518408888,76.178677595305,0.0,84.15285749794636
2039,49.07087084757039,73.49438019737548,0.0,83.58333686690479
2040,49.26927321401414,69.28834588224345,0.0,82.82352170149423
2041,49.94059987271573,66.57548477713809,0.0,82.250758218785
2042,50.62966079821327,63.95980303974304,0.0,81.66212055851528
2043,51.34408279491506,61.40809368903427,0.0,81.0697405856095
2044,52.07226863390868,58.978133279878314,0.0,80.45406708390897
2045,52.29385235426045,56.822168007528376,0.0,79.72545143499255
2046,53.0059605717167,54.61449340396142,0.0,79.11423588362287
2047,53.73012711253944,52.46344797945682,0.0,78.49841011776557
2048,54.46443122733012,50.36646753628355,0.0,77.87944120246422
2049,55.208695955217486,48.314009496556366,0.0,77.26041167464075
