,Annualized electricity system costs,Annualized investment heater costs,Annualized investment insulation costs,Annualized health costs,Annualized total costs
2020,17.007443773494614,0.6831493616942008,0.2689330222359852,6.031123678336662,23.990649835761463
2025,19.373043612865956,3.3680934156999744,1.3586710997135119,5.204403601371456,29.3042117296509
2030,21.2993903643831,3.414776676422151,1.3003797372938128,4.409667063628601,30.424213841727664
2035,23.29714767523825,3.2468483574475147,1.2406501744910894,3.8051662638589723,31.589812471035827
2040,25.392373422006855,3.3275298141643566,1.177922954356872,3.2561133451251267,33.15393953565321
2045,25.755146963790743,3.55618042339841,0.9810776523682833,2.656441100635767,32.948846140193204
2050,28.78226286388874,3.3808669843707357,0.8339281817409245,1.8626874940486418,34.85974552404904
