,Electricity,Natural gas,Oil fuel,Wood fuel
2020,40.10991670318141,129.9748389261739,37.62934082429666,74.54818439689242
2025,40.85295826867084,118.81522966819891,24.73230365719589,81.83884970602212
2030,51.01132939037515,86.19187533994388,13.947714282697577,93.86589712727782
2035,62.51091503527685,54.562746842853535,4.77694795346911,102.46069984709567
2040,72.26826287129369,25.504323773734573,0.0,106.77812081208302
2045,79.13641994745497,3.181259853807955,0.0,106.59656090266915
2050,78.69885035428322,3.2403256304381096,0.0,99.98091435856163
