,Annualized electricity system costs,Annualized investment heater costs,Annualized investment insulation costs,Annualized health costs,Annualized total costs
2020,16.775618014960827,0.6831493616942008,0.2689330222359794,6.031123678336664,23.758824077227672
2025,19.049169581129192,3.3680934156999744,1.3586710997134752,5.204403601371467,28.98033769791411
2030,21.367884189054593,2.9325418817949735,1.29915270657205,3.9364868209823753,29.536065598403994
2035,23.716525062402994,2.831468640336387,1.240161032040703,2.9703970003574156,30.7585517351375
2040,27.266026331579603,2.967063473132342,1.1960006649376302,2.271722106282193,33.70081257593177
2045,26.218319518322787,3.298776756503333,1.0127911581395141,1.6912006820732624,32.221088115038896
2050,30.506351053457436,2.8947425759050813,0.864631892864568,1.2288596563481218,35.49458517857521
