,Annualized electricity system costs,Annualized investment heater costs,Annualized investment insulation costs,Annualized health costs,Annualized total costs
2020,16.7756180149608,0.6831493616942008,0.2689330222359852,6.031123678336662,23.758824077227647
2025,18.98527961427203,3.3885905685285045,1.5357785880432187,5.0962418152498,29.005890586093553
2030,20.382808253321485,3.6187033386299454,2.201687713399359,3.319273365312033,29.52247267066282
2035,21.958411472190463,3.5324034745363186,1.890372392513043,2.057997039309017,29.43918437854884
2040,24.724766803102355,3.511766490651377,1.6059836345996659,1.2694468531835135,31.11196378153691
2045,25.34008516086314,3.6309516443746706,1.25905544155453,0.7328331336428056,30.962925380435145
2050,29.29070334824005,3.727382485045236,1.0071183535550217,0.34641530907708995,34.3716194959174
