,Annualized electricity system costs,Annualized investment heater costs,Annualized investment insulation costs,Annualized health costs,Annualized total costs
2020,16.775618014960827,0.6831493616942008,0.2689330222359794,6.031123678336664,23.758824077227672
2025,18.985279614272045,3.3885905685285045,1.535778588043168,5.09624181524982,29.005890586093535
2030,20.02480952527347,4.020431417014133,2.20018128820635,3.430966394869445,29.676388625363394
2035,21.661472784567096,3.965574054376083,1.875892737617536,2.2317041108979456,29.73464368745866
2040,24.044440721806815,3.951109697986169,1.5624832395651298,1.4454127890177617,31.003446448375875
2045,24.923528998982633,3.999372204382634,1.2090538520251173,0.8698108828999411,31.001765938290326
2050,28.515885933124622,4.051274421302217,0.9557769192266395,0.3808924057328144,33.90382967938629
