,Annualized electricity system costs,Annualized investment heater costs,Annualized investment insulation costs,Annualized health costs,Annualized total costs
2020,16.7756180149608,0.6831493616942008,0.2689330222359852,6.031123678336662,23.758824077227647
2025,19.049169581129178,3.3680934156999744,1.3586710997135119,5.204403601371456,28.98033769791412
2030,20.57171417150846,3.4151096004526424,1.300401144958171,4.409301280572878,29.69652619749215
2035,22.688092114119684,3.2407401051289595,1.2401818875143882,3.811348095180413,30.980362201943443
2040,25.101306161513108,3.321766761639482,1.1778458883341187,3.266932462576912,32.867851274063625
2045,26.186355710188977,3.5587421237928836,0.9826075314237879,2.662713551043148,33.390418916448795
2050,29.70008227730343,3.3839944663360395,0.8357169501545992,1.8652681217136617,35.78506181550773
