,Annualized electricity system costs,Annualized investment heater costs,Annualized investment insulation costs,Annualized health costs,Annualized total costs
2020,16.77306127388995,0.6810947444270372,0.2689256852022917,6.030931486816755,23.754013190336035
2025,18.991149812741412,3.3094009527948285,1.3564853723553545,5.195859466370821,28.852895604262415
2030,20.280774520197056,3.1157776901723437,1.2842856097113042,4.214352133771612,28.895189953852316
2035,22.250635640341613,2.745155990321759,1.1910971373370145,3.4017793610424603,29.588668129042848
2040,24.651387149869365,2.625612091010333,1.0797859749235137,2.6973852901407205,31.05417050594393
2045,25.15855060852983,2.709594833421492,0.8653946988861507,2.0200114862283884,30.75355162706586
2050,28.85357237955875,2.523491280136497,0.7156246700364535,1.3015005432305224,33.39418887296222
