,Annualized electricity system costs,Annualized investment heater costs,Annualized investment insulation costs,Annualized health costs,Annualized total costs
2020,16.775618014960827,0.6831493616942008,0.2689330222359794,6.031123678336664,23.758824077227672
2025,18.985279614272045,3.3885905685285045,1.535778588043168,5.09624181524982,29.005890586093535
2030,20.38280825332157,3.6187033386299454,2.2016877133992825,3.3192733653120747,29.52247267066287
2035,21.95263679486672,3.53240347453632,1.8903723925129936,2.057997039309061,29.433409701225095
2040,24.639528540011433,3.5117118462822625,1.605971176825949,1.269484170980565,31.02669573410021
2045,25.33174993987422,3.6305062235648635,1.258890734652781,0.7331322615777438,30.95427915966961
2050,29.12553283729973,3.7268298418509187,1.0069909863566744,0.3467854077577504,34.20613907326507
