,Annualized electricity system costs,Annualized investment heater costs,Annualized investment insulation costs,Annualized health costs,Annualized total costs
2020,16.775618014960827,0.6831493616942008,0.2689330222359794,6.7036124331951426,24.43131283208615
2025,18.985279614272045,3.3885905685285045,1.535778588043168,4.818566312609251,28.72821508345297
2030,20.02480952527347,4.020431417014133,2.20018128820635,1.6617656361798145,27.907187866673766
2035,21.661472784567096,3.965574054376083,1.875892737617536,0.6620122249538993,28.16495180151461
2040,24.044440721806815,3.951109697986169,1.5624832395651298,0.25047603861526746,29.80850969797338
2045,24.923528998982633,3.999372204382634,1.2090538520251173,0.09561796372791609,30.2275730191183
2050,28.515885933124622,4.051274421302217,0.9557769192266395,0.02719971801619749,33.550136991669675
