,Annualized electricity system costs,Annualized investment heater costs,Annualized investment insulation costs,Annualized health costs,Annualized total costs
2020,16.77561801497086,0.6831493616942008,0.2689330222359852,6.031123678336662,23.75882407723771
2025,19.01653250928355,3.3885905685285045,1.4546600533961167,5.147020121773589,29.00680325298176
2030,20.286085563920622,4.025540998216976,1.76527647459316,3.7278865408702617,29.80478957760102
2035,22.052063480742817,3.9763959520503445,1.5856928149366916,2.6152527723209658,30.22940502005082
2040,24.58022407612134,3.960925335192708,1.3795392586888753,1.8209452209285357,31.74163389093146
2045,25.4064898389949,4.002241279302283,1.1190903963839076,1.1821896054670025,31.710011120148096
2050,29.499798106878835,4.049448141930376,0.925953204832166,0.6042083769124283,35.079407830553805
