,Annualized electricity system costs,Annualized investment heater costs,Annualized investment insulation costs,Annualized health costs,Annualized total costs
2020,16.7756180149608,0.6831493616942008,0.2689330222359852,6.031123678336662,23.758824077227647
2025,18.98527961427203,3.3885905685285045,1.5357785880432187,5.0962418152498,29.005890586093553
2030,20.024809525273696,4.020431417014132,2.200181288206427,3.4309663948694022,29.676388625363657
2035,21.67612654995017,3.9655740543760865,1.8758927376175856,2.2317041108978946,29.749297452841738
2040,24.16298043750642,3.9512590233085882,1.5625089086487267,1.4453239188356137,31.12207228829935
2045,24.99475103381706,4.000741332531396,1.2093909879570965,0.8690550654691171,31.07393841977467
2050,28.63511335409939,4.05166502949191,0.9558013531242017,0.38030796100692904,34.02288769772243
