,Annualized electricity system costs,Annualized investment heater costs,Annualized investment insulation costs,Annualized health costs,Annualized total costs
2020,16.85112857425179,0.5565377423556853,0.11940542099631472,6.114948023077358,23.642019760681144
2025,19.1648981881778,2.744787235215638,0.58806791551183,5.7459769693248255,28.243730308230095
2030,21.868890879055883,2.9635927732229908,0.5651886683365406,6.489893735662605,31.88756605627802
2035,24.459002697407996,2.913761969380161,0.5470224980210436,7.161045302305475,35.080832467114675
2040,27.210393685636312,2.964352937060159,0.5315152652408699,7.536276710280375,38.24253859821772
2045,28.197081502940293,2.9085372504528015,0.51846000263205,7.572698272485134,39.19677702851028
2050,32.366223620175376,2.9117676676841384,0.4981250922272293,6.622074149966968,42.39819053005371
