,Annualized electricity system costs,Annualized investment heater costs,Annualized investment insulation costs,Annualized health costs,Annualized total costs
2020,16.763397527619773,0.6699334992696225,0.26907528735283204,6.040668588427528,23.743074902669754
2025,18.950218582811587,3.3123058000332897,1.5404743629647826,5.132610828360943,28.935609574170602
2030,20.6790594432469,3.259149405527177,2.22237413801873,3.3005813803545307,29.461164367147337
2035,22.285230617970512,3.254091541127245,1.9211128723324438,2.020085414235261,29.480520445665462
2040,24.829716440622903,3.32587547137539,1.640226455169962,1.237527411503054,31.03334577867131
2045,25.535850930661894,3.5025326246347332,1.2952480946501532,0.7169883115222595,31.05061996146904
2050,29.59445634578404,3.4174338923714127,1.0377933667393493,0.3638224148328593,34.41350601972766
