,Annualized electricity system costs,Annualized investment heater costs,Annualized investment insulation costs,Annualized health costs,Annualized total costs
2020,16.77561801497086,0.6831493616942008,0.2689330222359852,6.031123678336662,23.75882407723771
2025,19.049169581143687,3.3680934156999744,1.3586710997135119,5.204403601371456,28.98033769792863
2030,21.367884189080073,2.9325418817949687,1.2991527065720803,3.9364868209823674,29.536065598429488
2035,23.716525062451325,2.8314686403363747,1.240161032040729,2.9703970003574254,30.758551735185854
2040,27.26602633161066,2.9670634731322845,1.1960006649376445,2.2717221062822905,33.70081257596288
2045,26.218319518313265,3.2987767565033455,1.0127911581395481,1.6912006820733159,32.221088115029474
2050,30.506351053464115,2.8947425759052345,0.8646318928646332,1.22885965634796,35.49458517858194
