,Annualized electricity system costs,Annualized investment heater costs,Annualized investment insulation costs,Annualized health costs,Annualized total costs
2020,16.76827990817226,0.5651478702499214,0.125086794024385,6.130550712204071,23.589065284650637
2025,19.046845383895587,2.8324692183921316,0.6341833558154175,5.904062774566807,28.41756073266994
2030,21.375854399805434,2.764368963341079,0.6284394067366467,5.8931719164350636,30.661834686318223
2035,24.00402092690196,2.758302987008053,0.6141927177810514,6.06263576615594,33.439152397847
2040,27.12263450671182,2.8220498571254202,0.5839128333890294,6.153361901663909,36.681959098890175
2045,28.17754379461725,2.8257377507619252,0.5678200110540254,5.914103169443471,37.48520472587667
2050,32.406633882617754,2.732244792868928,0.5350110677476284,5.509288513463646,41.18317825669796
