,Annualized electricity system costs,Annualized investment heater costs,Annualized investment insulation costs,Annualized health costs,Annualized total costs
2020,16.85112857425179,0.5565377423556853,0.11940542099631472,6.114948023077358,23.642019760681144
2025,19.1648981881778,2.744787235215638,0.58806791551183,5.7459769693248255,28.243730308230095
2030,21.82741904094496,2.9635927732229908,0.5651886683365406,6.489893735662605,31.846094218167096
2035,24.267385386006666,2.9127540503352436,0.5469724892198844,7.1621420361960615,34.88925396175786
2040,26.865686967755025,2.95614988139784,0.5309330964070641,7.546422745074676,37.89919269063461
2045,28.0517367026491,2.9048756593801057,0.5183628689148216,7.58665472782273,39.06162995876676
2050,31.93180847882219,2.909441570278974,0.4976719220644807,6.6379362104173065,41.976858181582955
