,Annualized electricity system costs,Annualized investment heater costs,Annualized investment insulation costs,Annualized health costs,Annualized total costs
2020,16.77561801497086,0.6831493616942008,0.2689330222359852,6.031123678336662,23.75882407723771
2025,19.01653250928355,3.3885905685285045,1.4546600533961167,5.147020121773589,29.00680325298176
2030,20.286085563920267,4.025540998216976,1.76527647459316,3.7278865408702617,29.804789577600665
2035,22.013229692702964,3.976395952050338,1.5856928149366907,2.615252772320971,30.190571232010964
2040,24.23237272485325,3.9604502915243107,1.3794739827828497,1.8212784800447068,31.393575479205115
2045,25.268327343074617,3.9953769707095956,1.1176169615117606,1.1866642204826536,31.56798549577863
2050,28.73800618916691,4.044733605540381,0.9246710997303922,0.6090937607880919,34.31650465522578
