,Consumption Electricity (TWh),Consumption Natural gas (TWh),Consumption Oil fuel (TWh),Consumption Wood fuel (TWh)
2019,39.893325397392324,129.97314125469018,37.191452155726935,74.27034607168494
2020,39.81745393074288,128.0382977462554,34.49386907100084,76.00924031027978
2021,39.9609646003876,126.23837202160325,31.89435810987695,77.39813033353653
2022,40.058106602741006,123.27353525279763,29.176647568403766,78.7002484749014
2023,40.239696476598574,121.24011916665161,26.794708990915147,80.147423945503
2024,40.33574076160411,118.62642342293375,24.331645467590775,81.50539471775862
2025,42.07899914362153,111.64052412089768,21.90470260079252,84.52088685370894
2026,43.478596369776014,104.85974175017411,19.600407615030694,87.10391885609246
2027,44.92540751936464,98.2102667257935,17.41000978244943,89.50113306433012
2028,46.29511776887825,91.5854169227669,15.304771402166624,91.50218006910407
2029,47.72395672232956,85.07935932397689,13.286576307421095,93.34946224360478
2030,49.343194369217485,77.95448572219851,11.31930738296486,95.10516498176376
2031,51.12339515817123,71.45500640772049,9.439038338380808,96.78791701980565
2032,52.948051081622246,65.09184927732873,7.647686432657042,98.31843957576069
2033,54.81480021763887,58.86312759397018,5.946433894086604,99.71067502308686
2034,56.6754920432298,52.620676249776224,4.327559255675721,100.8368958626379
2035,58.14252722718602,45.8166668878487,2.797758304284519,101.73594597548178
2036,60.0100432062443,40.075802388893166,1.3596695557416587,102.67124064105984
2037,61.90576904073189,34.464065166611356,0.0,103.46841912632964
2038,63.41350923007693,29.09690101127617,0.0,103.52215585815468
2039,64.78052109960876,24.49502490946303,0.0,103.30448852120419
2040,65.62189591234691,19.4971259068354,0.0,102.89974843526063
2041,66.94598246347087,15.19832952439669,0.0,102.57923718645694
2042,68.24883692305548,11.1163884556092,0.0,102.1433656020245
2043,69.55915645585078,7.168524403354657,0.0,101.65157312216766
2044,70.83539438461423,3.49829693962636,0.0,101.06462758804948
2045,70.28040511077847,3.510075054282658,0.0,99.37131809541523
2046,70.37271750956629,3.5154058473745815,0.0,97.84433388754921
2047,70.48529599537169,3.520883466927967,0.0,96.32173748406703
2048,70.61659131979991,3.5265047007860355,0.0,94.80319500276646
2049,70.764436680996,3.532266477148963,0.0,93.28780460275351
