,Annualized electricity system costs,Annualized investment heater costs,Annualized investment insulation costs,Annualized health costs,Annualized total costs
2020,16.77561801497086,0.6831493616942008,0.2689330222359852,6.031123678336662,23.75882407723771
2025,19.049169581143687,3.3680934156999744,1.3586710997135119,5.204403601371456,28.98033769792863
2030,21.367884189080087,2.9325418817949687,1.2991527065720803,3.9364868209823674,29.536065598429502
2035,23.97525392131162,2.8314686403363747,1.240161032040729,2.9703970003574267,31.01728059404615
2040,27.48778143717908,2.968531096077038,1.1963424417794175,2.2692548528487952,33.921909827884335
2045,26.40155703684239,3.3002222031693464,1.0131964908426698,1.6868750552880798,32.40185078614249
2050,90.35433185485175,2.8972799337898163,0.8649861524789214,1.2223457235871213,95.33894366470761
