,Electricity,Natural gas,Oil fuel,Wood fuel
2020,38.99302728556902,125.99935138556006,36.34524055236847,72.19341658695214
2025,39.80231779842032,115.27677971748759,23.905947658432616,79.29202287906219
2030,42.285198375726715,108.7684181277256,13.492345415107156,81.49437028641931
2035,46.23844815312933,101.19325285273445,4.620884453478064,82.26075328338874
2040,49.73612901874087,90.03689753247997,0.0,81.6352953789645
2045,52.15956033510687,77.62268204045708,0.0,79.4365201553961
2050,55.071095569236185,67.97302138530763,0.0,77.09228672043974
