,Consumption Electricity (TWh),Consumption Natural gas (TWh),Consumption Oil fuel (TWh),Consumption Wood fuel (TWh)
2019,39.893325397392324,129.97314125469018,37.191452155726935,74.27034607168494
2020,39.81745393074288,128.0382977462554,34.49386907100084,76.00924031027978
2021,39.9609646003876,126.23837202160325,31.89435810987695,77.39813033353653
2022,40.058106602741006,123.27353525279763,29.176647568403766,78.7002484749014
2023,40.239696476598574,121.24011916665161,26.794708990915147,80.147423945503
2024,40.4693018765998,119.10543878586543,24.496507454894502,81.6341584143587
2025,41.170917565105604,117.01310923278854,22.19779260099948,83.1099969690791
2026,41.58002229207639,116.04238480838245,20.007011647981034,83.45510516501892
2027,42.032967022934564,115.01639660628092,17.896998469979767,83.78672135264638
2028,42.41024834527612,113.80436827887648,15.841960234333419,83.90301508360146
2029,42.843464455610594,112.55734705695409,13.848761936685863,84.02798121929156
2030,43.454188834895575,110.6195443431554,11.91571825921734,84.1929192939781
2031,44.21286952063325,109.32426613536978,10.040899178123361,84.43250417656128
2032,45.01563975883908,107.98284689401964,8.222146936249821,84.66159278600414
2033,45.861177277132505,106.59752419468455,6.461317898270205,84.88080716293562
2034,46.70114381747109,104.88652527553597,4.751497796745169,84.97940800098962
2035,47.1469132112516,101.55496505521295,3.104156755020865,84.85474249707819
2036,47.98882945284559,99.91062273955517,1.5199966468226966,84.93973287403824
2037,48.866344617999786,98.25010404506864,0.0,85.0020792020582
2038,49.48542119701822,95.78982084614829,0.0,84.80287026215561
2039,50.10060659810758,93.52975123729813,0.0,84.50811908215144
2040,50.005869214745694,89.17519358690852,0.0,83.85793985845706
2041,50.58991628112299,87.02120518553211,0.0,83.53854649505008
2042,51.18781882615639,84.91815062208188,0.0,83.19058872246688
2043,51.8052215046656,82.84004851267679,0.0,82.82203767122131
2044,52.43145731658012,80.81248444109015,0.0,82.42352459901785
2045,52.59610897085004,79.12562874141963,0.0,81.85523248523496
2046,53.234040810989754,77.0433516884136,0.0,81.48099583637436
2047,53.88683603677005,74.98492984720623,0.0,81.07764784788239
2048,54.55304689493191,72.9496727186595,0.0,80.64506568479851
2049,55.23267039661227,70.93145666320409,0.0,80.18587091642974
