,Consumption saving insulation (TWh/year),Consumption saving heater (TWh/year)
2019,1.8427786754455329,0.06037812526590252
2020,1.8717874025697003,0.08406179451155042
2021,2.0453076988308765,0.3028394510791588
2022,1.978742066751287,0.31327478151634647
2023,1.6189842004319315,0.3334754743797984
2024,1.5666608801921138,0.3813644018734131
2025,1.915896391202651,0.4894021566671028
2026,1.6879910626340333,0.3225324061047816
2027,1.5965921247748547,0.3502072719507275
2028,1.9836068893049565,0.3773090980915632
2029,1.8517722634474258,0.4080294542043133
2030,1.7456302124952978,0.43588004852479434
2031,1.6362853979739906,0.46512246984732986
2032,1.547019824793373,0.4939317798678231
2033,1.4548234150388846,0.5223547244166518
2034,1.881291888738945,0.5503248088460574
2035,1.7652265342539137,0.5164064207892942
2036,1.637132072078494,0.5416562809781861
2037,1.5179168286485276,0.566420785940392
2038,1.4173698672302015,0.4315218136645949
2039,1.3292635898828344,0.3819327085438957
2040,1.2834138642685762,0.3183310050030437
2041,1.2044773057105558,0.32465977586406003
2042,1.1322056620184908,0.3305741772101136
2043,1.0658967117134404,0.3433262335757267
2044,1.0049297984729433,0.34701756349399804
2045,0.9489819543887811,0.3367152799383658
2046,0.8962415402199208,0.4187934955056977
2047,0.8473012647744934,0.43112818370584916
2048,0.8022051490713541,0.4428768700197067
2049,0.759635473030864,0.45665493126002477
