,Annualized electricity system costs,Annualized investment heater costs,Annualized investment insulation costs,Annualized health costs,Annualized total costs
2020,16.7756180149608,0.6831493616942008,0.2689330222359852,6.031123678336662,23.758824077227647
2025,18.98527961427203,3.3885905685285045,1.5357785880432187,5.0962418152498,29.005890586093553
2030,20.024809525273696,4.020431417014132,2.200181288206427,3.4309663948694022,29.676388625363657
2035,21.661472784566797,3.9655740543760865,1.8758927376175856,2.2317041108978946,29.734643687458366
2040,24.04476376280534,3.951109697986166,1.5624832395651616,1.4454127890177142,31.00376948937438
2045,25.02998659541298,3.9995751109636273,1.209106485650195,0.8697074721553225,31.108375664182123
2050,29.041949847253505,4.053469355056763,0.9568050742683144,0.3801918642229258,34.43241614080151
