,Annualized electricity system costs,Annualized investment heater costs,Annualized investment insulation costs,Annualized health costs,Annualized total costs
2020,17.007443773494614,0.6831493616942008,0.2689330222359852,6.031123678336662,23.990649835761463
2025,19.373043612865928,3.3680934156999744,1.3586710997135119,5.204403601371456,29.30421172965087
2030,21.29939036438313,3.4147766764221514,1.3003797372938128,4.409667063628601,30.424213841727692
2035,23.297147675238293,3.2468483574475147,1.2406501744910892,3.8051662638589723,31.58981247103587
2040,25.392373422006827,3.327529814164357,1.177922954356872,3.256113345125126,33.15393953565318
2045,25.755146963791752,3.55618042339841,0.9810776523682833,2.6564411006357673,32.94884614019421
2050,28.782262863888654,3.3808669843707357,0.8339281817409245,1.8626874940486422,34.859745524048954
