,Electricity,Natural gas,Oil fuel,Wood fuel
2020,40.10991670318141,129.9748389261739,37.62934082429666,74.54818439689242
2025,40.85295826867084,118.81522966819891,24.73230365719589,81.83884970602212
2030,51.011329390375145,86.19187533994388,13.947714282697577,93.86589712727785
2035,62.51091503527686,54.562746842853535,4.776947953469111,102.46069984709567
2040,72.26826287129369,25.504323773734573,0.0,106.77812081208302
2045,79.136419947455,3.181259853807955,0.0,106.59656090266915
2050,78.69885035428327,3.2403256304381096,0.0,99.98091435856162
