,Annualized electricity system costs,Annualized investment heater costs,Annualized investment insulation costs,Annualized health costs,Annualized total costs
2020,16.77561801497086,0.6831493616942008,0.2689330222359852,6.031123678336662,23.75882407723771
2025,19.01653250928355,3.3885905685285045,1.4546600533961167,5.147020121773589,29.00680325298176
2030,20.850994359203597,3.352558768153787,1.7753351064785763,3.5490265765758937,29.527914810411854
2035,22.51060561020087,3.355435863126957,1.6209932600981634,2.3434396603023564,29.830474393728345
2040,24.976956646117813,3.4190961675938865,1.449576928730466,1.5467959805626967,31.392425723004862
2045,25.83594854936213,3.6018713990180222,1.2021056270786272,0.9631754207746921,31.603100996233472
2050,29.48046258867371,3.522075901513645,0.9997354449527678,0.5336658817665229,34.53593981690665
